x,y
1,302
1,303
1,304
1,306
1,311
1,312
1,313
1,316
1,317
1,318
1,806
2,299
2,302
2,303
2,304
2,305
2,307
2,312
2,313
2,316
2,317
2,318
2,804
2,806
3,299
3,308
3,309
3,316
3,317
3,804
4,299
4,309
4,314
4,316
4,317
4,804
4,805
5,297
5,308
5,310
5,313
5,314
5,316
5,317
5,804
6,297
6,308
6,309
7,297
7,298
7,302
7,303
7,304
7,305
7,307
7,308
8,297
8,298
8,299
8,300
8,301
8,302
8,303
8,304
8,305
8,306
9,297
9,298
9,299
9,300
9,301
9,302
9,303
9,304
9,305
9,797
10,300
10,301
10,302
10,303
10,304
10,311
10,798
11,312
11,796
11,797
11,798
11,799
11,800
12,310
12,796
12,797
12,798
12,799
12,800
13,796
13,797
13,798
13,799
13,800
13,801
13,802
13,803
14,796
14,797
14,798
14,799
14,802
14,803
15,796
15,797
15,798
15,799
15,802
15,803
16,796
16,797
16,798
16,799
16,800
16,801
16,802
16,803
17,796
17,797
17,798
17,799
17,800
17,801
17,802
17,803
18,797
18,798
18,799
18,800
18,801
18,802
18,804
19,360
19,798
19,799
19,800
19,801
19,803
20,359
20,801
21,358
21,798
21,799
21,800
21,801
22,357
22,798
22,799
22,800
22,801
23,356
23,802
23,804
24,352
29,550
30,550
31,550
31,551
32,550
32,551
32,812
33,335
33,336
33,596
33,813
34,336
34,596
34,813
35,335
35,336
35,338
35,339
35,398
35,546
35,595
35,596
36,336
36,337
36,338
36,339
36,397
36,398
36,596
36,597
37,398
37,594
37,595
37,596
38,596
38,630
38,631
39,401
39,596
39,629
39,631
39,814
39,816
40,360
40,629
40,630
41,313
41,626
41,629
41,815
42,313
42,314
42,315
42,318
42,628
42,792
42,793
42,794
43,312
43,318
43,627
43,792
43,793
43,794
44,312
44,315
44,317
44,318
44,625
44,626
44,627
44,791
44,792
44,793
44,794
44,795
45,312
45,313
45,315
45,316
45,317
45,318
45,319
45,486
45,790
45,791
45,793
45,794
45,795
46,313
46,314
46,315
46,318
46,487
46,631
46,790
46,792
46,794
47,476
47,482
47,483
47,488
47,494
47,495
47,496
47,622
47,623
47,630
47,794
48,476
48,481
48,482
48,483
48,484
48,492
48,493
48,494
48,495
48,622
48,623
48,794
48,809
48,810
49,479
49,480
49,481
49,492
49,493
49,622
49,794
50,482
50,492
50,493
50,494
50,501
50,791
51,480
51,482
51,492
51,493
51,494
51,495
51,498
51,499
51,620
51,791
52,295
52,480
52,483
52,493
52,494
52,495
52,496
52,497
52,620
52,791
52,792
53,483
53,492
53,495
53,496
53,497
53,498
53,499
53,792
53,793
54,495
54,496
54,497
54,498
54,502
54,503
54,794
54,795
55,495
55,496
55,497
55,498
55,499
55,500
56,496
57,488
57,494
59,488
69,786
69,787
69,789
70,788
70,789
70,790
71,789
72,854
72,855
73,789
73,791
73,852
73,853
73,854
73,855
74,850
74,852
74,853
74,854
74,855
75,850
75,854
75,855
75,856
76,794
76,849
76,850
76,852
76,853
76,854
76,855
76,856
77,848
77,849
77,853
77,854
77,855
78,789
78,790
78,848
78,849
78,850
78,852
78,853
78,854
79,789
79,790
79,849
79,850
79,851
79,854
80,850
80,851
81,851
81,854
83,421
83,422
85,422
85,423
85,424
86,416
86,423
86,633
87,420
87,421
87,448
87,486
87,827
88,446
88,447
88,486
88,635
89,414
89,416
89,417
89,447
89,448
89,485
89,486
89,635
90,394
90,395
90,412
90,415
90,416
90,481
90,482
90,483
90,868
91,482
91,483
91,867
91,868
92,482
92,483
92,484
92,485
93,482
95,865
97,865
98,866
101,691
107,562
108,476
109,476
109,563
109,573
110,476
111,456
111,457
111,476
111,520
111,564
112,456
112,475
112,574
112,575
112,576
113,477
113,478
114,455
114,476
114,477
114,478
114,858
114,859
115,455
115,478
115,479
115,577
115,858
115,859
116,459
116,477
116,478
116,479
116,480
116,572
117,459
117,460
117,478
117,479
117,480
117,481
117,484
117,577
117,858
118,459
118,478
118,479
118,480
118,481
118,482
118,484
120,452
120,845
121,846
121,847
121,848
122,709
123,810
123,812
124,708
124,809
124,810
124,812
124,813
124,814
124,815
125,810
125,811
125,812
125,813
125,814
126,811
126,812
126,813
126,814
127,812
127,813
127,814
128,811
128,812
128,813
128,814
129,813
129,814
129,815
129,816
133,372
133,373
133,376
134,371
134,375
135,372
136,431
137,430
137,432
138,431
138,432
139,432
139,433
139,434
140,434
140,435
140,436
141,436
141,437
143,865
146,531
146,547
148,547
149,472
149,548
149,553
150,472
150,473
150,547
150,553
151,472
151,473
151,547
151,553
151,555
152,548
152,549
152,551
152,552
152,553
152,555
153,524
153,546
153,547
153,550
154,441
154,524
154,525
154,546
154,547
154,548
154,549
154,550
154,551
155,367
155,369
155,440
155,441
155,547
155,548
155,549
155,550
156,440
156,549
156,550
165,895
165,896
166,895
166,896
167,895
167,896
168,344
168,895
168,896
169,471
170,469
170,470
171,469
175,653
175,654
180,460
181,460
192,412
192,413
194,408
194,679
194,680
194,681
195,678
195,679
195,680
195,682
196,678
196,679
196,680
196,681
196,682
197,407
197,409
197,410
197,411
197,674
197,675
197,676
197,677
197,678
197,679
197,680
197,681
197,682
198,412
198,674
198,675
198,676
198,677
198,678
198,679
198,680
198,681
198,682
199,406
199,412
199,674
199,675
199,676
199,677
199,678
199,679
199,680
199,681
200,407
200,675
200,676
200,677
200,678
200,679
200,680
201,620
201,621
201,676
201,677
201,678
201,679
202,407
202,408
202,620
202,621
202,676
202,677
202,678
202,679
203,408
203,409
203,618
203,620
203,621
203,622
203,624
203,672
203,673
203,674
203,675
203,676
203,677
203,678
203,679
204,620
204,621
204,624
204,672
204,673
204,674
204,675
204,676
205,614
205,618
205,620
205,621
205,622
205,623
205,624
205,625
205,676
205,677
205,678
205,679
205,680
206,524
206,541
206,542
206,543
206,614
206,622
206,623
206,624
206,625
206,675
207,543
207,545
207,615
207,617
207,621
207,622
207,623
207,626
208,543
208,544
208,620
208,622
208,626
209,464
209,465
210,463
210,464
210,625
211,369
211,370
211,463
211,465
211,466
211,625
212,368
212,369
212,370
212,371
212,463
212,464
212,466
212,625
212,626
213,366
213,367
213,371
213,372
213,465
213,466
213,467
213,468
214,366
214,367
214,372
214,462
214,465
214,466
214,467
214,468
215,364
215,365
215,463
215,466
215,467
215,468
216,364
216,462
216,463
216,464
216,465
216,466
216,467
216,468
216,469
217,462
217,464
217,465
217,466
217,467
217,468
218,462
218,464
218,465
218,466
218,467
219,462
219,466
219,467
220,462
220,464
220,465
221,463
221,464
221,467
222,463
222,464
222,465
222,466
223,462
223,463
223,464
223,465
223,466
223,593
223,594
224,463
224,464
224,465
224,466
225,463
225,464
225,465
225,466
225,467
226,462
226,463
226,464
226,465
226,466
226,468
226,592
227,463
227,464
227,465
227,466
227,467
227,468
228,463
228,464
228,465
228,466
228,467
228,468
229,591
229,592
229,593
229,594
229,595
230,591
230,592
230,593
230,594
230,595
231,591
231,592
231,593
231,594
239,211
240,210
240,211
241,210
241,211
242,210
243,213
243,214
243,508
244,213
244,214
244,499
244,508
244,509
245,212
245,213
245,220
245,500
246,220
246,221
246,500
246,502
246,508
246,509
246,510
247,501
247,503
247,510
247,511
247,513
247,514
248,493
248,502
248,503
248,513
249,492
249,493
249,494
250,490
250,491
250,492
250,493
250,494
251,490
251,491
251,493
251,494
251,495
252,490
252,491
252,493
252,494
252,498
253,484
253,488
253,489
253,490
253,491
253,493
253,494
254,484
254,488
254,489
254,490
254,492
255,484
255,487
255,488
255,489
255,492
255,493
255,494
256,484
256,485
256,486
256,487
256,493
257,485
257,486
288,132
291,412
292,192
292,193
292,412
292,426
293,190
293,192
293,193
293,195
293,196
293,197
293,425
293,426
294,191
294,192
294,193
294,194
294,195
294,196
294,424
294,425
294,426
295,191
295,192
295,193
295,194
295,195
295,347
295,424
295,427
295,428
296,191
296,192
296,193
296,194
296,195
296,196
296,197
296,199
296,347
296,349
297,191
297,192
297,193
297,194
297,347
297,348
298,191
298,192
298,193
298,194
298,340
298,341
298,342
298,346
299,191
299,192
299,193
299,450
299,451
299,454
300,192
300,193
300,449
300,450
300,451
300,531
300,570
300,571
301,286
301,367
301,368
301,449
301,450
301,451
301,452
301,453
301,454
301,455
301,532
301,569
301,570
301,571
302,203
302,367
302,372
302,451
302,453
302,454
302,455
302,526
302,527
302,529
302,530
302,532
302,534
302,565
302,566
302,568
302,569
302,570
302,571
303,199
303,200
303,201
303,203
303,364
303,365
303,366
303,367
303,368
303,369
303,454
303,525
303,526
303,529
303,530
303,531
303,532
303,533
303,534
303,564
303,565
303,566
303,567
303,568
303,569
303,570
304,198
304,199
304,200
304,201
304,203
304,364
304,365
304,366
304,367
304,368
304,369
304,525
304,526
304,527
304,528
304,529
304,530
304,531
304,532
304,533
304,568
304,569
304,570
304,571
305,198
305,199
305,200
305,201
305,203
305,204
305,287
305,364
305,365
305,366
305,367
305,368
305,369
305,370
305,371
305,522
305,523
305,525
305,526
305,527
305,528
305,529
305,530
305,531
305,568
305,569
305,570
305,571
306,199
306,200
306,201
306,202
306,203
306,204
306,286
306,287
306,288
306,289
306,290
306,291
306,364
306,365
306,366
306,367
306,368
306,522
306,523
306,525
306,526
306,527
306,528
306,529
306,568
306,570
306,571
307,200
307,201
307,203
307,287
307,288
307,289
307,290
307,292
307,293
307,364
307,365
307,366
307,526
307,527
307,571
308,286
308,287
308,288
308,289
308,290
308,292
308,293
308,362
308,365
308,682
308,683
309,288
309,289
309,290
309,291
309,292
309,293
309,294
309,362
309,364
309,524
309,525
309,526
309,527
309,564
309,576
309,681
309,682
309,683
310,288
310,289
310,290
310,291
310,292
310,293
310,294
310,360
310,361
310,362
310,364
310,367
310,368
310,679
310,680
310,685
311,289
311,292
311,361
311,367
311,368
312,360
312,682
312,683
313,206
313,360
313,361
313,362
313,682
313,686
313,687
314,361
314,362
314,363
314,369
314,680
314,681
314,682
314,683
314,686
315,362
315,363
315,678
315,679
315,680
315,681
315,682
315,683
316,362
316,363
316,365
316,366
316,367
316,676
316,679
316,684
317,677
317,679
317,680
317,681
317,683
317,684
317,685
318,682
319,678
319,679
319,680
319,681
330,673
330,674
331,671
331,673
331,674
331,675
331,676
332,676
332,677
332,678
333,666
333,667
333,675
333,676
333,677
334,666
334,675
334,676
335,667
335,669
335,671
335,672
335,674
335,675
336,665
336,666
336,672
337,664
337,666
337,668
338,664
339,663
342,202
342,203
345,460
345,732
345,733
345,734
346,264
346,460
346,461
346,732
346,733
347,264
347,461
347,732
347,733
347,734
348,265
348,462
348,732
348,733
348,734
349,732
349,733
349,734
350,262
350,732
351,730
351,731
351,732
351,733
351,734
352,730
352,732
352,733
352,734
352,735
352,736
352,737
353,730
353,731
353,732
353,733
353,734
353,735
353,736
354,728
354,731
354,733
354,734
354,735
354,736
355,734
359,904
360,737
360,738
360,739
360,740
360,741
360,896
360,897
360,898
360,900
360,901
361,255
361,256
361,737
361,738
361,739
361,740
361,741
361,896
361,897
362,255
362,739
362,740
362,741
362,890
362,897
363,842
363,895
363,896
363,897
363,898
363,899
363,900
363,901
364,254
364,842
364,893
364,894
364,895
364,896
364,897
364,898
364,899
364,900
364,901
365,254
365,842
365,892
365,893
365,895
365,896
365,897
365,898
365,900
366,252
366,253
366,820
366,823
366,825
366,826
366,843
366,891
366,892
366,893
366,895
366,900
367,248
367,249
367,250
367,820
367,821
367,822
367,823
367,824
367,825
367,891
367,892
367,893
367,894
367,895
367,896
367,897
367,898
367,899
367,900
368,249
368,820
368,821
368,822
368,823
368,824
368,892
368,893
368,894
368,895
368,896
368,897
368,898
368,899
368,900
368,901
368,902
369,820
369,821
369,822
369,823
369,824
369,897
369,900
369,901
370,817
370,818
370,821
370,822
370,823
370,824
371,817
371,818
371,821
371,822
371,823
372,817
372,821
372,822
373,817
373,824
374,805
374,817
374,824
376,818
377,805
377,812
378,257
379,803
379,804
379,805
379,806
379,813
380,804
382,258
383,259
387,640
387,641
388,207
393,78
394,78
395,78
396,846
398,845
399,842
399,843
400,842
401,206
401,842
401,843
402,122
403,122
404,121
407,801
409,286
409,292
409,293
409,804
410,286
410,287
410,799
410,800
410,804
411,292
411,678
411,679
412,292
412,297
412,677
412,678
412,868
412,869
413,868
413,869
414,77
414,868
414,869
414,870
415,349
415,350
415,351
415,521
415,868
415,869
415,870
415,873
416,289
416,340
416,341
416,349
416,350
416,351
416,520
416,521
416,522
416,523
416,864
416,865
416,868
416,869
416,870
417,350
417,520
417,521
417,524
417,525
417,865
417,867
417,868
417,869
417,870
417,871
418,525
418,526
418,527
418,528
418,861
418,865
418,866
418,868
418,869
418,872
419,520
419,528
419,529
419,862
419,865
419,866
419,867
419,868
419,869
419,870
419,871
420,862
420,864
420,865
420,867
420,868
420,869
420,870
421,862
421,864
421,865
421,866
421,868
421,869
421,870
422,862
422,865
422,866
422,867
422,870
423,659
423,660
423,862
424,532
424,658
424,659
424,862
424,863
424,868
424,870
425,532
425,658
425,659
426,657
426,658
427,526
427,527
428,527
428,533
431,533
431,702
431,703
432,596
432,597
432,598
432,599
432,600
432,698
432,702
432,703
433,596
433,597
433,598
433,599
433,698
433,699
433,700
433,701
433,702
433,703
434,595
434,596
434,597
434,598
434,697
434,698
434,699
434,700
434,701
434,702
434,703
435,595
435,596
435,597
435,598
435,696
435,697
435,699
435,702
436,596
436,597
436,602
436,603
437,499
437,500
437,596
437,597
437,733
437,734
437,737
437,738
437,739
438,500
438,596
438,597
438,598
438,733
438,734
438,737
438,738
438,739
439,498
439,499
439,597
439,734
439,735
440,598
440,650
440,651
440,652
441,647
441,648
441,649
441,650
441,651
442,645
442,646
442,647
442,648
442,649
442,650
442,651
443,593
443,594
443,644
443,645
443,646
443,647
443,648
443,649
443,650
443,651
444,593
444,594
444,643
444,645
444,646
444,647
444,648
444,649
444,650
444,651
444,652
445,172
445,173
445,174
445,175
445,176
445,177
445,585
445,586
445,594
445,643
445,644
445,648
445,649
445,650
445,651
445,652
446,593
446,643
446,644
446,648
446,649
446,650
446,651
446,652
447,643
447,644
447,647
447,648
447,649
447,650
447,652
448,644
448,648
448,649
448,650
449,649
449,656
450,643
451,47
451,286
451,640
452,35
452,46
452,640
452,641
453,35
453,44
453,45
453,287
453,288
453,636
453,638
453,639
453,640
454,636
454,638
454,639
454,640
455,579
455,638
455,639
455,640
455,641
456,579
456,635
456,638
457,575
457,578
457,579
457,635
457,637
458,576
458,577
458,578
458,579
458,583
458,636
458,637
459,577
459,578
459,634
459,636
460,577
460,579
461,42
461,43
461,576
461,578
462,40
462,43
466,576
466,604
467,572
467,574
467,576
468,574
468,601
469,301
469,302
469,575
469,600
469,601
469,602
469,603
470,75
470,77
470,301
470,302
471,75
471,76
471,77
471,303
471,306
471,307
472,305
472,306
472,307
473,305
473,306
473,307
473,308
474,304
474,307
475,305
476,269
476,270
476,305
477,267
477,268
477,269
477,270
478,38
478,267
478,268
478,269
479,38
479,268
479,269
481,493
482,494
482,495
482,499
482,500
482,501
483,496
483,497
483,498
484,502
497,214
497,215
497,216
497,217
498,214
498,215
498,216
498,217
498,219
499,214
499,215
499,216
499,217
499,219
499,221
500,215
500,216
500,217
500,218
500,219
500,221
500,222
500,223
500,273
500,274
501,217
501,218
501,219
501,272
501,298
502,217
502,218
502,219
502,296
502,297
502,298
503,212
503,219
503,266
503,298
503,300
503,301
504,211
504,212
504,213
504,225
504,299
504,300
505,225
506,302
510,63
510,64
519,731
519,732
521,42
521,43
522,42
525,684
525,685
526,684
526,685
526,686
527,681
527,684
529,47
531,501
533,892
533,904
534,649
534,650
535,587
535,649
535,650
535,651
535,653
535,889
536,588
536,589
536,590
536,591
536,592
536,645
536,646
536,647
536,649
536,650
536,651
536,652
537,585
537,645
537,646
537,647
537,648
537,649
537,650
537,651
537,653
538,468
538,586
538,646
538,649
538,650
538,651
539,646
539,649
539,650
539,651
540,643
540,644
540,645
540,649
540,650
540,651
540,652
540,653
541,644
541,649
541,650
541,651
541,652
542,649
542,650
542,651
543,648
543,649
543,650
543,651
544,565
544,650
548,644
553,26
554,27
555,27
555,31
555,463
556,27
557,17
557,27
557,28
557,30
557,31
557,32
557,259
557,260
557,262
558,16
558,17
558,18
558,28
558,29
558,255
558,256
558,257
558,259
558,262
559,14
559,15
559,17
559,18
559,28
559,33
559,255
559,256
559,257
559,260
559,261
560,14
560,28
560,254
560,255
560,256
561,29
561,252
561,253
562,29
562,34
563,29
563,922
563,923
563,925
564,29
564,922
564,923
565,12
565,13
565,14
565,19
565,29
565,923
566,13
566,14
566,922
566,923
567,14
567,209
567,919
567,920
567,921
567,922
567,923
568,14
568,585
568,586
568,587
568,919
568,920
568,921
568,922
569,14
569,33
569,34
569,920
569,921
569,922
569,924
570,582
570,922
570,923
570,924
571,580
571,581
571,582
572,217
572,259
572,581
573,267
573,334
573,335
573,581
573,582
574,334
574,335
574,579
575,321
575,334
575,579
576,321
576,334
576,335
577,334
577,335
577,576
577,667
577,670
577,671
577,672
578,335
578,336
578,520
578,630
578,631
578,632
578,633
578,634
578,635
578,665
578,666
578,667
578,668
578,669
578,670
578,671
579,520
579,521
579,631
579,632
579,633
579,664
579,665
579,666
579,667
579,668
579,669
579,670
580,315
580,523
580,624
580,625
580,631
580,632
580,633
580,665
580,666
580,667
580,668
580,669
580,670
581,315
581,626
581,628
581,629
581,633
581,634
581,662
581,665
581,666
581,667
581,668
581,669
581,670
582,626
582,628
582,629
582,633
582,634
582,638
582,661
582,662
582,665
582,666
582,667
582,668
582,669
582,670
583,625
583,626
583,628
583,629
583,633
583,634
583,666
583,667
583,668
583,669
584,625
584,626
584,627
584,628
584,629
584,634
584,638
584,667
585,621
585,625
585,626
585,627
585,628
585,629
585,630
585,633
586,42
586,45
586,46
586,47
586,621
586,622
586,630
587,46
587,622
587,631
587,632
587,633
588,620
588,623
588,633
589,620
589,623
589,624
589,625
589,626
589,627
589,629
589,630
589,631
590,199
590,200
590,201
590,202
590,203
590,204
590,205
590,248
590,620
590,621
590,625
590,626
590,628
591,249
591,250
591,620
591,621
591,625
591,626
591,627
592,250
592,619
593,250
594,705
595,250
595,251
595,704
595,705
595,710
596,251
596,252
596,618
596,619
597,249
597,253
597,254
597,255
597,256
598,253
598,254
598,255
598,256
599,254
599,255
599,256
599,257
601,611
608,569
610,22
610,23
611,22
611,23
612,23
612,24
617,572
617,573
619,19
619,569
620,568
621,314
622,314
622,553
622,554
622,555
622,568
623,314
623,315
623,553
623,557
623,568
624,314
624,554
624,558
625,553
625,554
625,848
626,314
626,553
626,848
627,314
627,845
627,846
627,851
628,212
628,288
628,560
629,217
629,294
629,295
629,296
629,312
629,316
629,560
629,852
630,216
630,220
630,315
630,316
630,560
630,852
631,222
631,560
632,23
632,24
632,558
632,559
633,23
633,24
633,25
633,558
633,559
633,877
634,558
634,559
634,874
634,875
635,558
635,874
635,875
635,876
636,771
636,773
636,873
637,288
637,557
637,563
637,564
637,770
637,771
637,773
637,776
637,875
637,888
637,889
637,890
637,891
638,289
638,295
638,557
638,564
638,565
638,693
638,694
638,769
638,873
638,889
638,890
638,891
639,562
639,563
639,564
639,565
639,769
639,770
639,874
639,875
639,893
640,214
640,215
640,216
640,217
640,292
640,298
640,299
640,562
640,563
640,564
640,565
640,687
640,768
640,769
640,770
640,875
640,892
640,896
641,214
641,215
641,292
641,293
641,294
641,295
641,296
641,297
641,298
641,299
641,301
641,304
641,562
641,564
641,565
641,690
641,691
641,695
641,768
641,769
641,875
642,213
642,214
642,215
642,296
642,297
642,298
642,299
642,564
642,566
642,692
642,693
642,695
642,696
643,214
643,695
643,696
643,772
643,875
644,292
644,695
646,292
646,293
646,294
646,295
647,293
647,294
647,295
647,768
647,769
648,218
648,219
648,569
648,570
648,769
649,570
651,223
653,293
653,294
654,295
655,292
655,293
656,293
657,292
657,294
658,291
659,289
659,291
660,289
660,291
661,291
662,290
663,290
671,651
672,649
672,650
672,651
673,650
674,651
675,651
676,631
677,631
678,631
679,631
680,631
689,250
689,252
690,250
692,249
698,659
699,306
699,658
699,659
700,175
700,176
700,658
700,659
701,306
701,659
701,779
702,306
702,307
702,777
703,305
703,306
703,307
703,658
703,776
703,777
703,876
704,294
704,295
704,306
704,307
704,776
704,777
705,294
705,295
705,307
705,776
705,777
705,870
705,871
705,872
706,295
706,776
706,777
706,870
706,871
707,775
707,776
707,871
708,775
708,780
708,869
708,870
708,871
708,873
709,871
709,872
710,870
710,871
710,872
711,870
717,648
718,648
719,649
720,649
721,650
722,231
727,692
727,693
731,685
731,686
733,924
734,924
736,364
737,362
737,364
737,367
737,368
738,360
738,362
738,364
738,368
739,361
739,362
739,364
739,368
740,361
740,756
741,359
741,360
741,756
742,705
742,706
742,756
742,757
742,758
743,705
743,758
743,759
744,702
744,703
744,704
744,758
745,703
745,704
746,704
746,705
748,708
748,709
749,709
749,710
750,690
750,711
750,712
751,689
751,690
754,626
758,910
758,913
759,833
759,886
759,912
760,833
760,834
760,886
760,911
760,912
761,834
762,834
763,837
764,836
766,402
766,403
767,396
767,397
767,402
767,403
768,395
768,396
768,397
768,398
769,398
770,398
770,399
770,400
771,399
771,400
772,400
772,401
773,101
773,103
775,102
788,761
795,850
795,851
795,852
795,853
795,854
796,848
796,849
796,850
796,852
796,853
797,848
797,849
797,850
797,852
798,847
798,848
798,849
799,847
799,848
801,848
805,319
806,319
806,321
807,319
813,335
816,335
817,263
817,335
818,261
818,262
818,334
818,335
819,261
819,265
819,266
819,334
819,335
820,260
820,261
820,262
820,265
820,266
821,53
821,251
821,252
821,253
821,254
821,255
821,256
821,257
821,258
821,259
822,52
822,53
822,251
822,257
832,712
832,714
833,709
833,710
833,711
833,714
834,710
834,711
834,712
834,713
834,884
834,885
835,709
835,710
835,711
835,712
835,716
835,885
836,708
836,709
836,710
836,711
836,713
836,886
837,708
837,709
837,710
837,711
837,712
837,713
837,887
837,888
838,709
838,710
838,888
838,889
839,888
839,889
839,890
839,891
840,697
840,890
840,891
841,699
841,892
841,893
842,708
843,708
843,710
844,708
844,709
845,283
845,284
845,285
845,708
845,709
846,283
846,284
846,285
846,286
846,287
846,708
846,709
847,283
847,286
847,287
848,283
848,284
848,285
848,712
849,283
849,284
849,285
850,283
850,284
850,285
851,115
851,285
852,115
853,81
853,110
860,69
860,70
861,267
862,266
862,267
862,268
862,269
866,254
866,255
866,256
866,258
867,255
867,259
868,224
868,225
868,226
868,258
868,259
868,260
869,244
869,245
869,257
869,258
869,260
869,261
869,262
869,263
869,264
870,227
870,242
870,243
870,244
870,245
870,246
870,258
870,259
870,260
870,261
871,244
871,245
871,246
871,247
871,259
871,260
871,264
871,772
871,773
871,774
872,243
872,244
872,245
872,246
872,260
872,347
872,349
872,350
872,769
872,773
873,243
873,244
873,245
873,246
873,260
873,347
873,768
874,243
874,244
874,247
874,248
874,249
874,250
874,251
874,768
875,105
875,244
875,247
875,248
875,249
875,256
875,259
875,767
876,105
876,244
876,247
876,248
876,249
876,765
876,766
876,767
877,105
877,245
877,246
877,247
877,248
877,249
877,250
877,354
877,765
877,766
878,247
878,248
878,249
880,108
881,108
881,109
881,110
881,254
881,255
881,763
882,111
882,618
882,619
882,762
882,763
883,762
884,150
884,616
884,617
885,235
885,616
885,816
886,611
886,613
886,815
886,816
887,610
887,612
887,816
887,817
888,608
889,31
889,820
890,822
891,32
891,822
893,708
893,709
893,710
894,810
894,812
896,810
897,246
897,247
897,248
897,811
900,646
900,647
900,653
901,645
901,646
901,647
902,646
902,647
903,643
903,644
903,646
903,647
904,647
905,647
905,648
915,324
916,324
916,788
918,765
918,766
918,767
919,763
919,765
919,767
919,768
920,754
920,762
920,767
920,768
921,516
921,754
921,760
921,761
921,762
921,766
921,767
921,768
922,754
922,760
922,765
922,766
922,767
922,772
923,529
923,760
923,761
923,765
924,518
924,526
924,530
924,760
924,761
925,755
925,762
926,759
927,519
928,523
928,764
929,524
933,691
934,689
934,690
934,691
935,688
935,689
935,690
935,691
935,692
935,693
936,687
936,688
936,689
936,690
936,692
936,732
936,733
937,687
937,688
937,689
937,695
937,732
937,733
937,734
938,686
938,688
938,689
938,733
938,734
939,684
939,685
939,730
939,732
939,733
939,734
940,683
940,730
940,732
940,733
941,732
942,576
942,577
943,573
943,574
943,575
943,576
943,577
943,682
944,572
944,573
944,574
944,576
944,681
944,682
945,574
946,571
946,573
946,574
947,427
947,571
947,572
947,573
948,425
948,572
948,573
948,812
948,813
949,421
949,422
949,423
949,812
950,420
950,421
950,422
950,568
951,420
951,421
951,491
951,492
952,491
952,716
953,491
953,716
953,717
954,492
955,98
955,99
956,83
956,97
956,98
957,83
957,547
958,82
958,83
958,547
959,547
960,84
960,85
960,86
961,224
961,225
961,228
961,548
962,224
962,548
963,223
963,547
963,548
963,549
963,550
963,551
963,555
964,222
964,224
964,550
964,551
964,555
968,243
968,244
968,391
969,244
969,391
969,392
969,393
969,394
969,395
970,389
970,391
970,392
970,393
970,394
970,396
970,397
971,395
971,396
972,392
972,393
972,394
972,395
973,392
973,393
973,394
974,392
974,393
974,394
975,392
975,393
975,868
976,156
976,157
976,392
976,393
976,532
976,868
977,868
977,869
979,864
980,782
980,864
983,309
984,308
984,309
984,310
984,354
984,355
990,511
990,695
990,696
990,697
991,86
991,87
991,509
991,511
991,512
991,513
992,86
992,510
992,511
992,512
993,86
993,87
994,86
994,697
995,696
995,697
995,698
995,700
995,701
996,695
996,696
996,697
996,699
996,701
997,85
997,450
997,695
997,699
998,84
998,827
999,65
999,66
999,84
999,409
999,827
1000,65
1000,830
1001,84
1001,407
1003,407
1004,407
1005,65
1007,795
1007,796
1008,795
1008,796
1009,795
1012,875
1021,214
1022,214
1022,215
1027,607
1027,608
1028,607
1028,609
1030,610
1037,819
1038,612
1040,819
1041,626
1041,627
1041,768
1041,769
1041,818
1041,819
1042,768
1043,768
1044,764
1044,765
1044,815
1045,199
1045,200
1045,201
1045,202
1045,761
1045,762
1045,763
1045,764
1045,765
1045,766
1046,198
1046,199
1046,200
1046,201
1046,202
1046,761
1046,762
1046,763
1046,764
1046,765
1046,766
1047,197
1047,198
1047,201
1047,202
1047,203
1047,761
1047,763
1047,764
1047,765
1047,766
1048,201
1048,203
1048,762
1048,764
1049,198
1049,199
1049,200
1049,201
1049,202
1049,204
1049,205
1049,763
1049,764
1049,765
1049,767
1050,198
1050,199
1050,200
1050,201
1050,202
1050,203
1050,204
1051,34
1051,35
1051,199
1051,200
1051,201
1051,202
1051,203
1051,204
1051,816
1052,197
1052,199
1052,200
1052,201
1052,202
1052,203
1052,204
1052,205
1052,816
1053,199
1053,200
1053,201
1053,203
1053,204
1053,205
1054,56
1054,71
1054,72
1054,204
1054,205
1055,199
1055,201
1055,204
1055,205
1056,37
1057,200
1057,202
1057,203
1057,219
1057,220
1058,203
1058,220
1058,222
1059,204
1059,220
1059,221
1059,222
1060,222
1060,223
1060,224
1061,224
1061,225
1070,268
1070,269
1071,268
1071,269
1071,391
1071,394
1071,607
1071,608
1071,609
1071,610
1072,606
1072,607
1072,608
1075,751
1085,747
1086,748
1087,747
1087,748
1088,748
1090,747
1096,533
1096,534
1097,100
1097,101
1097,532
1097,533
1097,534
1098,100
1098,101
1098,102
1098,103
1098,104
1099,102
1099,103
1100,97
1100,103
1100,104
1100,105
1101,103
1101,104
1102,97
1103,96
1103,97
1104,96
1104,97
1104,98
1105,96
1105,97
1105,98
1106,96
1106,97
1111,475
1111,477
1111,478
1112,475
1113,474
1114,474
1114,477
1115,474
1115,476
1115,477
1115,478
1115,684
1115,689
1116,476
1116,477
1116,478
1116,688
1116,689
1116,690
1117,476
1117,477
1117,478
1117,688
1117,689
1117,690
1117,691
1117,692
1118,476
1118,477
1118,478
1118,689
1119,477
1122,490
1123,489
1123,490
1124,489
1124,490
1124,502
1124,503
1125,490
1126,490
1130,61
1146,348
1161,721
1167,75
1167,76
1168,74
1168,75
1169,77
1178,116
1179,116
1179,117
1180,118
1180,119
1180,917
1180,918
1181,119
1181,120
1182,917
1193,539
1194,3
1195,334
1196,212
1196,213
1196,214
1196,215
1196,217
1196,334
1201,212
1201,213
1202,212
1202,213
1203,213
1203,214
1204,214
1205,774
1205,775
1206,774
1206,775
1207,771
1208,773
1208,774
1209,774
1222,645
1224,648
1224,649
1226,818
1227,641
1228,819
1229,642
1229,819
1230,226
1230,857
1231,226
1231,851
1231,857
1231,862
1232,227
1232,851
1232,853
1232,854
1232,856
1232,857
1232,863
1233,227
1233,228
1233,853
1233,854
1233,855
1233,856
1233,857
1235,454
1236,454
1237,454
1238,454
1239,451
1239,452
1239,453
1239,454
1240,450
1240,451
1240,528
1240,529
1240,532
1241,220
1241,450
1241,451
1241,527
1241,528
1241,529
1241,530
1241,531
1242,450
1242,528
1242,529
1242,530
1242,531
1243,449
1243,452
1243,528
1243,529
1243,530
1243,532
1243,533
1244,449
1244,452
1244,528
1244,529
1244,532
1245,528
1245,529
1245,530
1245,532
1245,723
1245,765
1245,766
1245,767
1245,769
1245,771
1246,528
1246,529
1246,530
1246,532
1246,767
1247,529
1247,530
1247,771
1248,529
1248,530
1248,531
1248,764
1249,445
1249,529
1249,530
1249,531
1249,766
1250,530
1250,531
1252,527
1253,529
1254,529
1254,530
1254,831
1255,832
1257,154
1257,155
1260,150
1266,350
1266,351
1266,352
1266,353
1266,354
1266,355
1266,466
1267,42
1267,43
1267,350
1267,352
1267,353
1267,354
1267,355
1267,466
1268,353
1268,354
1268,355
1269,35
1269,38
1269,39
1269,466
1270,466
1271,349
1271,350
1271,466
1271,467
1272,350
1273,27
1273,28
1274,27
1274,28
1275,27
1275,28
1276,27
1276,497
1276,498
1277,27
1277,496
1277,497
1277,498
1278,496
1282,493
1283,493
1284,491
1284,493
1287,491
1288,490
1289,533
1290,533
1290,534
1290,535
1290,536
1290,537
1290,538
1291,530
1291,531
1291,534
1291,535
1291,536
1291,537
1291,538
1291,539
1292,531
1292,532
1292,533
1292,534
1292,535
1292,536
1292,537
1292,538
1292,539
1293,529
1293,530
1293,532
1293,533
1293,534
1293,538
1293,539
1294,530
1294,531
1294,532
1294,533
1294,534
1294,535
1294,536
1294,537
1294,538
1294,539
1295,530
1295,531
1295,532
1295,533
1295,534
1295,535
1295,536
1295,537
1296,530
1296,531
1296,534
1296,535
1296,536
1296,537
1297,530
1297,531
1297,534
1297,535
1297,536
1298,531
1298,532
1298,533
1298,534
1298,535
1299,531
1299,534
1299,535
1305,832
1306,832
1307,568
1307,569
1307,570
1308,564
1308,565
1308,566
1308,567
1308,568
1308,569
1308,570
1309,425
1309,564
1309,565
1309,566
1309,567
1309,568
1309,569
1309,570
1309,571
1310,563
1310,564
1310,565
1310,566
1310,567
1310,568
1310,569
1310,570
1310,571
1311,424
1311,562
1311,563
1311,564
1311,565
1311,566
1311,567
1311,568
1311,569
1311,570
1311,571
1312,563
1312,564
1312,565
1312,566
1312,567
1312,568
1312,569
1312,570
1312,571
1312,827
1313,561
1313,562
1313,563
1313,564
1313,565
1313,566
1313,567
1313,568
1313,569
1313,570
1313,571
1314,561
1314,562
1314,563
1314,564
1314,565
1314,566
1314,567
1314,568
1314,569
1315,561
1315,562
1315,563
1315,564
1315,565
1315,566
1315,567
1316,563
1316,564
1316,565
1321,429
1321,660
1321,661
1322,430
1322,640
1322,657
1322,658
1322,659
1322,660
1323,607
1323,638
1323,639
1323,640
1323,659
1324,607
1324,610
1324,611
1324,637
1324,638
1324,639
1324,640
1324,660
1325,604
1325,605
1325,606
1325,607
1325,608
1325,609
1325,610
1325,611
1325,636
1325,637
1325,638
1325,639
1325,640
1325,641
1325,642
1325,643
1326,608
1326,609
1326,610
1326,611
1326,612
1326,638
1327,418
1327,610
1327,611
1327,612
1327,668
1328,417
1328,418
1328,419
1328,420
1328,601
1328,602
1329,417
1329,418
1329,419
1329,602
1329,606
1329,660
1330,417
1330,418
1330,419
1330,420
1330,603
1330,604
1330,605
1330,606
1330,660
1330,661
1331,416
1331,417
1331,418
1331,419
1331,420
1331,603
1331,660
1331,789
1332,417
1332,418
1332,419
1332,420
1332,603
1332,787
1332,789
1332,790
1333,417
1333,418
1333,420
1333,786
1333,787
1333,790
1334,169
1334,170
1334,418
1334,786
1334,787
1334,790
1335,168
1335,169
1335,170
1335,786
1335,787
1335,788
1335,790
1336,786
1336,787
1336,788
1336,789
1348,442
1348,444
1348,445
1349,443
1349,445
1350,442
1350,443
1350,444
1350,445
1350,448
1351,442
1351,444
1351,445
1351,446
1351,557
1352,446
1352,557
1353,444
1353,445
1356,209
1356,210
1356,211
1357,206
1357,211
1358,204
1358,207
1358,213
1359,207
1360,204
1360,205
1360,206
1363,331
1364,327
1364,329
1364,330
1364,331
1365,328
1365,329
1365,330
1365,331
1366,328
1366,329
1366,330
1366,331
1367,328
1367,329
1368,329
1370,333
1370,334
1370,335
1371,333
1371,334
1371,335
1372,334
1373,332
1373,333
1373,334
1373,335
1374,517
1375,516
1375,517
1376,514
1377,514
1377,516
1379,448
1379,449
1380,448
1381,762
1381,763
1383,761
1383,762
1384,763
1385,764
1385,765
1385,766
1388,444
1388,451
1389,444
1390,445
1391,451
1397,762
1397,763
1400,766
1400,768
1401,336
1401,766
1401,767
1402,336
1404,760
1405,335
1405,760
1405,761
1405,812
1406,760
1406,761
1406,812
1407,760
1408,760
1408,763
1409,761
1411,277
1415,278
1415,705
1415,710
1416,707
1416,710
1417,556
1417,557
1417,708
1418,556
1418,557
1418,704
1418,705
1418,706
1418,707
1419,313
1419,557
1419,703
1419,704
1419,705
1419,706
1419,707
1420,312
1420,557
1420,558
1420,707
1421,312
1421,313
1421,558
1421,704
1421,705
1421,707
1423,274
1423,708
1425,560
1426,560
1426,561
1427,161
1427,561
1428,161
1430,366
1430,367
1431,484
1431,549
1432,30
1432,31
1432,32
1432,549
1433,364
1434,489
1435,397
1438,468
1438,469
1438,470
1439,467
1439,468
1439,469
1440,467
1441,751
1442,540
1442,749
1442,750
1442,751
1443,67
1443,749
1444,67
1444,69
1444,749
1444,750
1445,65
1445,66
1445,67
1445,68
1445,749
1445,750
1446,65
1446,66
1446,67
1446,68
1446,749
1446,750
1446,751
1447,65
1447,66
1447,67
1447,68
1447,748
1447,749
1447,750
1447,751
1448,65
1448,66
1448,710
1448,711
1448,712
1448,747
1448,748
1448,749
1448,750
1449,709
1449,711
1449,712
1449,747
1449,748
1449,749
1449,750
1450,307
1450,311
1450,312
1450,313
1450,712
1450,713
1450,749
1450,750
1451,305
1451,306
1451,307
1451,311
1451,312
1451,313
1451,708
1451,713
1451,714
1451,749
1451,750
1452,305
1452,306
1452,307
1452,308
1452,708
1452,715
1452,748
1452,749
1452,750
1453,304
1453,305
1453,306
1453,307
1453,308
1453,708
1453,714
1453,746
1453,747
1453,748
1453,749
1453,750
1454,66
1454,67
1454,304
1454,306
1454,307
1454,308
1454,708
1454,709
1454,748
1454,749
1454,750
1455,66
1455,67
1455,306
1455,307
1455,309
1455,310
1455,708
1455,709
1455,710
1455,711
1455,716
1456,307
1456,708
1456,709
1456,710
1456,711
1456,712
1456,716
1456,747
1457,36
1457,37
1457,307
1457,308
1457,708
1457,709
1457,710
1457,711
1457,712
1457,713
1457,714
1457,715
1457,716
1457,717
1457,746
1457,747
1458,35
1458,36
1458,37
1458,708
1458,709
1458,710
1458,711
1458,712
1458,713
1458,714
1458,715
1458,717
1459,35
1459,36
1459,709
1459,710
1459,711
1459,712
1459,713
1459,714
1459,715
1460,501
1460,502
1460,503
1460,710
1460,711
1460,712
1460,713
1461,36
1461,37
1461,38
1461,501
1461,502
1461,713
1461,714
1462,432
1462,433
1462,501
1462,502
1462,503
1463,40
1463,41
1463,432
1463,502
1463,503
1463,707
1463,709
1463,710
1463,711
1464,497
1464,498
1464,499
1464,711
1465,496
1465,497
1465,498
1465,499
1465,500
1465,706
1465,711
1466,495
1466,496
1466,497
1466,498
1466,499
1466,500
1466,501
1466,711
1467,493
1467,494
1467,495
1467,496
1467,497
1467,498
1467,500
1467,501
1467,706
1467,707
1468,36
1468,224
1468,412
1468,413
1468,414
1468,494
1468,495
1468,496
1468,497
1468,500
1468,501
1468,705
1468,706
1468,707
1469,224
1469,411
1469,491
1469,494
1469,495
1469,496
1469,497
1469,499
1469,706
1470,224
1470,410
1470,412
1471,409
1471,412
1471,499
1472,409
1472,410
1472,411
1472,412
1472,499
1473,409
1473,410
1473,411
1473,412
1473,500
1473,501
1473,502
1473,503
1473,504
1473,505
1474,500
1474,501
1474,502
1474,503
1475,413
1475,502
1475,503
1475,504
1476,413
1477,413
1477,528
1478,13
1478,14
1478,413
1478,528
1479,12
1479,13
1479,14
1479,15
1479,16
1479,413
1480,11
1480,12
1480,13
1480,14
1480,15
1480,16
1480,527
1480,528
1480,529
1480,530
1480,531
1481,10
1481,11
1481,12
1481,13
1481,14
1481,15
1481,16
1481,413
1481,526
1481,527
1481,528
1481,529
1481,530
1482,10
1482,11
1482,12
1482,13
1482,14
1482,15
1482,46
1482,413
1482,522
1482,523
1482,525
1482,526
1482,527
1482,528
1483,10
1483,11
1483,12
1483,13
1483,43
1483,45
1483,46
1483,47
1483,523
1484,10
1484,11
1484,12
1484,44
1484,45
1484,46
1485,9
1485,43
1485,44
1485,45
1485,46
1487,11
1487,379
1488,11
1489,262
1489,379
1489,380
1489,381
1489,382
1490,260
1490,261
1490,262
1491,150
1491,151
1491,382
1492,147
1492,150
1492,151
1492,152
1492,381
1492,382
1493,261
1493,382
1493,524
1493,525
1493,526
1494,382
1494,522
1494,523
1494,524
1495,259
1495,380
1495,381
1495,382
1495,383
1495,384
1495,385
1495,386
1495,387
1495,522
1495,523
1495,524
1495,760
1495,761
1496,259
1496,381
1496,382
1496,383
1496,384
1496,387
1496,522
1496,523
1496,524
1496,761
1497,522
1497,780
1498,382
1498,520
1498,521
1498,779
1498,780
1499,383
1499,519
1499,520
1499,521
1499,633
1500,519
1500,632
1500,633
1501,181
1501,182
1501,630
1501,631
1502,200
1502,201
1502,631
1503,200
1503,201
1503,202
1503,203
1503,204
1503,259
1503,433
1503,631
1503,850
1504,201
1504,202
1504,203
1504,204
1505,203
1506,202
1506,203
1506,204
1507,201
1507,202
1507,203
1507,204
1507,205
1507,429
1508,200
1508,201
1508,202
1508,204
1517,638
1522,557
1522,723
1523,723
1523,724
1523,725
1524,552
1524,557
1524,560
1524,724
1524,726
1525,553
1525,554
1525,555
1525,556
1525,557
1525,559
1525,560
1525,561
1525,724
1525,725
1525,828
1526,554
1526,555
1526,556
1526,557
1526,558
1526,559
1526,560
1526,580
1526,724
1527,550
1527,551
1527,552
1527,555
1527,556
1527,557
1527,558
1527,559
1527,560
1527,561
1527,562
1527,580
1527,724
1528,552
1528,556
1528,558
1528,725
1529,557
1529,640
1529,641
1530,552
1530,640
1530,641
1531,552
1531,554
1531,641
1532,554
1532,830
1533,555
1533,829
1533,830
1537,259
1538,259
1538,260
1538,261
1540,264
1541,91
1542,91
1543,88
1543,265
1543,266
1544,230
1544,266
1544,548
1544,549
1544,747
1544,759
1544,760
1545,230
1545,547
1545,548
1545,549
1545,550
1545,746
1545,747
1545,759
1545,760
1546,547
1546,548
1546,549
1546,550
1546,746
1546,747
1547,545
1547,546
1547,547
1547,747
1547,748
1547,755
1548,544
1548,545
1548,546
1548,749
1548,752
1548,753
1548,754
1548,755
1549,262
1549,546
1549,750
1549,884
1549,886
1550,884
1550,885
1550,886
1551,110
1551,883
1551,884
1551,885
1551,886
1552,884
1552,885
1555,115
1555,501
1560,119
1571,513
1571,517
1571,518
1572,516
1572,517
1573,516
1573,517
1573,518
1573,519
1574,514
1574,515
1574,516
1574,517
1574,518
1575,514
1575,515
1575,516
1576,515
1576,516
1576,517
1577,511
1577,513
1577,514
1577,515
1577,516
1577,518
1578,515
1583,700
1583,701
1584,694
1584,695
1584,698
1584,700
1585,695
1585,698
1585,703
1585,704
1585,705
1586,695
1586,698
1586,699
1586,703
1586,705
1587,695
1587,698
1587,699
1587,700
1587,701
1587,702
1588,630
1588,662
1588,694
1588,695
1588,696
1588,698
1588,699
1588,700
1588,701
1588,706
1589,661
1589,662
1589,663
1589,696
1589,698
1589,699
1589,700
1589,703
1590,696
1590,698
1590,699
1590,700
1591,696
1591,697
1591,698
1591,699
1591,700
1591,701
1592,700
1592,701
1592,702
1593,327
1593,330
1593,331
1593,700
1593,701
1593,702
1594,327
1594,328
1594,329
1594,330
1594,331
1594,332
1594,333
1594,700
1594,701
1595,329
1595,330
1595,331
1595,495
1595,700
1595,701
1596,330
1596,331
1596,592
1596,593
1596,594
1596,595
1597,47
1597,324
1597,330
1597,331
1597,335
1597,404
1597,408
1597,590
1597,591
1597,592
1597,594
1597,595
1597,596
1598,40
1598,41
1598,42
1598,45
1598,47
1598,48
1598,330
1598,331
1598,404
1598,408
1598,590
1598,591
1598,592
1598,593
1598,594
1598,595
1598,596
1598,597
1599,39
1599,40
1599,41
1599,42
1599,43
1599,44
1599,45
1599,46
1599,47
1599,48
1599,49
1599,50
1599,337
1599,404
1599,405
1599,406
1599,407
1599,408
1599,409
1599,590
1599,591
1599,592
1599,593
1599,594
1599,595
1599,596
1599,597
1599,598
1600,39
1600,40
1600,42
1600,43
1600,45
1600,46
1600,47
1600,405
1600,406
1600,460
1600,591
1600,592
1600,593
1600,594
1600,595
1600,596
1600,597
1601,40
1601,41
1601,46
1601,403
1601,406
1601,455
1601,460
1601,461
1601,462
1601,591
1601,592
1601,593
1601,594
1601,595
1601,596
1601,597
1602,46
1602,403
1602,404
1602,405
1602,406
1602,407
1602,408
1602,456
1602,460
1602,461
1602,462
1602,590
1602,591
1602,592
1602,593
1602,594
1602,595
1603,40
1603,41
1603,43
1603,46
1603,402
1603,403
1603,405
1603,406
1603,407
1603,408
1603,456
1603,457
1603,459
1603,460
1603,461
1603,462
1603,590
1603,591
1603,592
1603,593
1603,595
1603,596
1604,39
1604,40
1604,41
1604,402
1604,403
1604,405
1604,406
1604,407
1604,408
1604,456
1604,458
1604,459
1604,460
1604,495
1604,548
1604,550
1604,551
1604,552
1604,590
1604,592
1604,593
1604,594
1604,595
1604,596
1605,42
1605,404
1605,407
1605,458
1605,459
1605,472
1605,473
1605,489
1605,490
1605,494
1605,495
1605,549
1605,550
1605,551
1605,591
1605,592
1605,593
1606,42
1606,404
1606,406
1606,407
1606,457
1606,472
1606,473
1606,474
1606,492
1606,494
1606,550
1606,551
1606,552
1606,591
1606,592
1606,593
1607,44
1607,405
1607,475
1607,476
1607,477
1607,489
1607,490
1607,492
1607,493
1607,494
1607,551
1607,552
1607,592
1607,593
1608,476
1608,477
1608,479
1608,489
1608,490
1608,491
1608,492
1608,493
1608,494
1608,551
1608,552
1609,476
1609,478
1609,481
1609,488
1609,489
1609,492
1609,493
1609,495
1609,551
1609,647
1609,648
1609,650
1610,476
1610,477
1610,478
1610,479
1610,484
1610,489
1610,490
1610,491
1610,492
1610,644
1610,645
1610,646
1610,647
1610,648
1610,649
1610,650
1611,474
1611,475
1611,479
1611,484
1611,485
1611,488
1611,489
1611,490
1611,491
1611,492
1611,652
1612,474
1612,475
1612,477
1612,478
1612,479
1612,480
1612,484
1612,485
1612,486
1612,488
1612,489
1612,490
1612,645
1612,646
1612,647
1613,484
1613,485
1613,486
1614,491
1614,523
1614,524
1615,392
1618,99
1624,40
1624,99
1624,648
1624,649
1625,647
1625,651
1626,647
1626,648
1626,651
1626,900
1627,23
1627,24
1627,647
1627,648
1627,649
1627,650
1627,651
1627,652
1627,653
1627,654
1628,23
1628,24
1628,25
1628,646
1628,647
1628,648
1628,649
1628,650
1628,651
1628,654
1628,655
1629,22
1629,26
1629,646
1629,647
1629,648
1629,649
1629,650
1629,651
1629,653
1629,654
1629,655
1629,656
1630,22
1630,23
1630,26
1630,646
1630,647
1630,648
1630,649
1630,650
1630,651
1630,654
1630,655
1630,902
1631,21
1631,22
1631,23
1631,646
1631,648
1631,649
1631,650
1631,653
1631,654
1631,655
1631,902
1632,21
1632,22
1632,23
1632,648
1632,649
1632,652
1632,653
1632,654
1632,655
1633,22
1633,645
1633,646
1634,22
1634,26
1634,27
1634,646
1634,651
1635,27
1636,799
1637,22
1637,23
1637,101
1637,103
1637,104
1638,23
1638,24
1638,99
1638,102
1638,103
1639,99
1639,102
1639,800
1640,68
1640,69
1640,98
1640,99
1640,100
1640,101
1640,798
1641,70
1641,96
1641,97
1641,98
1641,797
1642,799
1643,798
1643,799
1644,799
1645,799
1645,800
1646,103
1646,104
1646,105
1647,102
1647,103
1647,104
1647,105
1648,104
1648,649
1648,650
1648,702
1649,650
1649,651
1650,651
1653,604
1653,605
1653,606
1653,607
1653,649
1653,650
1653,651
1654,90
1654,604
1654,605
1654,606
1654,607
1655,70
1655,89
1655,90
1655,603
1655,604
1655,605
1655,606
1656,72
1656,88
1656,602
1656,603
1656,604
1657,89
1657,602
1657,603
1657,609
1657,610
1657,611
1657,612
1658,88
1658,91
1658,603
1658,608
1658,609
1658,610
1658,611
1659,70
1659,71
1659,91
1659,608
1659,609
1659,610
1660,70
1660,71
1660,72
1660,604
1660,605
1660,606
1660,607
1660,608
1660,609
1661,70
1661,71
1661,604
1661,605
1661,606
1661,902
1662,74
1662,75
1663,74
1663,75
1663,76
1663,903
1663,904
1663,905
1664,76
1664,902
1672,683
1673,682
1673,683
1674,682
1674,683
1680,102
1681,101
1681,102
1681,103
1682,103
1683,102
1683,729
1684,99
1684,101
1685,100
1685,101
1686,99
1686,728
1687,703
1687,704
1687,705
1687,728
1688,703
1688,704
1688,728
1689,97
1689,98
1689,99
1689,694
1689,728
1690,98
1690,731
1691,731
1692,586
1692,587
1692,730
1692,731
1693,580
1693,581
1693,582
1693,585
1693,586
1693,587
1693,731
1693,733
1694,585
1694,586
1694,587
1694,731
1694,732
1695,585
1695,586
1695,587
1695,589
1695,731
1695,732
1696,587
1696,732
1696,733
1697,733
1700,583
1700,587
1701,585
1701,586
1701,587
1708,720
1709,719
1710,629
1710,717
1710,718
1710,719
1710,721
1711,628
1711,629
1711,630
1711,715
1711,717
1711,718
1712,628
1712,629
1712,630
1712,631
1712,715
1712,717
1712,718
1712,721
1712,722
1713,628
1713,629
1713,630
1713,631
1713,715
1713,716
1713,717
1713,718
1713,719
1713,720
1713,721
1713,722
1714,627
1714,629
1714,630
1714,631
1714,715
1714,716
1714,717
1714,718
1714,719
1714,720
1714,721
1715,629
1715,630
1715,631
1715,633
1715,634
1715,635
1715,715
1715,716
1715,717
1715,721
1716,628
1716,629
1716,630
1716,631
1716,632
1716,634
1716,635
1716,717
1717,627
1717,630
1717,631
1717,633
1717,635
1717,716
1717,718
1717,719
1717,720
1717,721
1718,626
1718,627
1718,630
1718,632
1718,717
1718,718
1719,625
1719,626
1719,627
1719,629
1719,630
1719,632
1719,634
1719,635
1719,636
1720,625
1720,626
1720,627
1720,628
1720,629
1720,630
1720,632
1720,633
1720,636
1720,637
1721,626
1721,627
1721,628
1721,629
1721,630
1721,636
1721,637
1721,715
1721,716
1721,717
1721,718
1722,627
1722,628
1722,629
1722,630
1722,631
1722,713
1722,714
1722,715
1722,716
1722,717
1722,718
1722,719
1723,629
1723,630
1723,631
1723,713
1723,714
1723,715
1723,716
1723,719
1723,721
1724,395
1724,605
1724,606
1724,607
1724,630
1724,631
1724,713
1724,714
1724,715
1724,716
1725,605
1725,606
1725,632
1725,714
1725,715
1725,716
1725,723
1726,604
1726,605
1726,606
1726,716
1727,604
1727,605
1727,606
1727,609
1727,716
1727,717
1727,724
1728,716
1728,717
1728,724
1728,725
1729,598
1729,716
1729,717
1729,718
1730,393
1730,598
1730,700
1730,718
1730,823
1730,824
1730,825
1731,701
1731,822
1731,823
1732,701
1732,716
1733,701
1733,821
1734,719
1735,720
1736,720
1736,832
1737,721
1737,726
1737,820
1739,724
1740,406
1741,405
1741,406
1742,2
1743,401
1743,402
1744,401
1744,402
1745,400
1745,401
1745,402
1746,400
1746,401
1746,402
1747,400
1747,401
1747,402
1753,4
1753,5
1754,5
1764,661
1765,661
1767,661
1772,709
1773,709
1773,710
1773,711
1774,710
1774,711
1775,348
1776,347
1785,431
1785,432
1786,436
1787,431
1787,432
1787,433
1787,434
1787,435
1787,436
1788,432
1788,433
1788,434
1788,435
1788,436
1789,434
1789,435
1792,878
1792,879
1793,730
1793,731
1793,875
1793,883
1794,345
1794,730
1794,731
1794,874
1794,875
1794,881
1794,882
1794,883
1795,343
1795,344
1795,345
1795,868
1795,872
1795,873
1795,874
1795,881
1796,343
1796,344
1796,866
1796,867
1796,870
1796,873
1796,874
1797,343
1797,346
1797,864
1797,866
1797,867
1797,868
1797,878
1798,343
1798,865
1798,866
1798,867
1799,344
1799,345
1799,862
1799,863
1800,862
1800,870
1801,862
1801,870
1801,871
1802,870
1802,872
1802,877
1803,873
1803,874
1803,877
1804,874
1804,875
1804,877
1805,876
1805,877
1809,98
1809,99
1809,315
1810,94
1810,97
1810,98
1810,100
1810,315
1811,95
1811,96
1811,97
1811,99
1811,315
1811,316
1811,362
1811,363
1812,94
1812,96
1812,97
1812,315
1812,316
1812,359
1812,362
1812,363
1812,380
1812,381
1813,94
1813,95
1813,97
1813,98
1813,317
1813,360
1813,361
1813,362
1813,379
1813,380
1813,381
1813,382
1814,94
1814,95
1814,96
1814,97
1814,98
1814,316
1814,359
1814,360
1814,361
1814,362
1814,363
1814,379
1814,380
1814,381
1814,382
1815,94
1815,95
1815,96
1815,97
1815,98
1815,99
1815,358
1815,359
1815,360
1815,361
1815,362
1815,378
1815,380
1815,381
1815,382
1816,94
1816,95
1816,96
1816,97
1816,98
1816,361
1816,362
1816,363
1816,378
1816,380
1816,381
1817,95
1817,96
1817,97
1817,98
1817,362
1817,363
1818,96
1818,97
1819,97
1819,700
1820,700
1820,701
1821,330
1821,701
1821,702
1822,701
1823,327
1823,331
1824,326
1824,327
1824,330
1824,331
1825,326
1825,329
1826,325
1827,224
1827,325
1829,113
1830,113
1830,114
1830,115
1830,325
1831,112
1831,113
1831,114
1831,115
1831,326
1832,110
1832,111
1832,113
1832,114
1832,115
1833,107
1833,108
1833,109
1833,112
1833,113
1834,109
1834,111
1834,112
1834,113
1835,32
1835,33
1835,111
1835,112
1836,31
1836,32
1836,33
1836,107
1837,33
1837,34
1837,35
1837,106
1837,285
1837,286
1837,287
1838,36
1838,37
1838,107
1838,284
1838,285
1838,286
1838,287
1838,288
1839,107
1839,176
1839,177
1839,284
1839,285
1839,286
1839,287
1839,288
1839,289
1840,176
1840,177
1840,284
1840,285
1840,286
1840,287
1840,288
1841,177
1841,178
1841,284
1841,285
1841,286
1842,839
1843,286
1843,287
1843,288
1843,838
1843,839
1843,840
1844,284
1844,285
1844,286
1844,288
1844,834
1845,177
1845,198
1845,199
1845,285
1845,286
1845,287
1845,288
1846,177
1846,285
1846,286
1846,287
1846,288
1846,832
1847,286
1847,287
1847,288
1847,713
1847,831
1847,832
1848,285
1848,286
1848,287
1849,285
1849,286
1849,287
1849,703
1849,834
1850,286
1851,704
1853,710
1855,139
1885,819
1886,285
1887,284
1887,725
1888,725
1888,782
1889,284
1889,725
1889,781
1889,782
1890,724
1890,725
1890,780
1890,781
1891,282
1891,718
1891,724
1891,725
1891,726
1891,772
1892,282
1892,283
1892,284
1892,724
1892,725
1892,726
1892,727
1892,772
1893,282
1893,283
1893,284
1893,721
1893,724
1893,725
1893,726
1893,772
1893,777
1893,795
1894,282
1894,283
1894,284
1894,724
1894,725
1894,726
1894,772
1894,776
1894,777
1894,794
1895,281
1895,282
1895,283
1895,769
1895,770
1895,772
1895,773
1895,774
1895,775
1895,776
1896,282
1896,767
1896,768
1896,769
1896,770
1896,772
1896,773
1896,774
1897,766
1897,767
1897,768
1897,769
1897,770
1897,771
1897,772
1897,773
1898,282
1898,766
1898,769
1898,770
1898,772
1899,691
1899,769
1899,770
1899,771
1901,689
1901,690
1901,734
1901,739
1902,689
1902,691
1902,698
1902,734
1903,691
1904,691
1904,698
1904,733
1904,734
1905,691
1905,693
1905,694
1905,696
1905,733
1905,734
1905,735
1906,691
1906,734
1906,735
1907,734
1908,734
1908,735
1909,734
1909,735
1909,736
1909,782
1909,784
1909,785
1909,786
1909,787
1910,695
1910,784
1910,785
1910,923
1911,784
1911,785
1912,784
1912,785
1912,786
1913,784
1913,785
1913,788
1914,755
1915,715
1915,755
1915,756
1915,924
1916,756
1916,924
1917,756
1917,924
1917,925
1917,926
