id,mz,rt,intensity,KEGGId,exactMass,formula,name,precursorType,ppm,forward,reverse,jaccard,pvalue,seed,partnerKEGGId,KEGG_reaction,reaction,inferLevel
M204T204,204.062850952148,204.255,175576.46875,C00331,203.0582,C11H9NO3,Indolepyruvate,[M+H]+,16,0,0,0,0.5,M205T330: C00078,C00078,RC00006,C1c-C5a:N1a+*-*+O5a:C1b+C6a-C1b+C6a,Ms1
M194T435,194.081069946289,435.143,1042382.625,C07481,194.0804,C8H10N4O2,Caffeine,[M]+,3,0,0,0,0.5,M180T404: C07130,C07130,RC01827,N4x-N4y:*-C1a:C8x+C8y-C8x+C8y,Ms1
M221T223,221.095321655273,223.463,205056.03125,C00643,220.0848,C11H12N2O3,5-Hydroxy-L-tryptophan,[M+H]+,12,0,0,0,0.5,M205T330: C00078,C00078,RC00490,C8x-C8y:*-O1a:C8x+C8x-C8x+C8x,Ms1
M237T331,237.122970581055,330.821,1432061,C02983,218.1055,C12H14N2O2,Abrine,[M+H+H2O]+,4,0,0,0,0.5,M205T330: C00078,C00078,RC00190,N1a-N1b:*-C1a:C1c-C1c,Ms1
M174T86,174.076110839844,85.6853,504497,C02937,174.0793,C10H10N2O,Indole-3-acetaldehyde oxime,[M]+,18,0,0,0,0.5,M205T330: C00078,C00078,RC02295,C1c-C2b:C6a-*:C1b+N1a-C1b+N2b N1a-N2b:*-O1b:C1c-C2b,Ms1
M161T362,161.107147216797,362.349,1145733.25,C00318,161.1052,C7H15NO3,L-Carnitine,[M]+,12,0,0,0,0.5,M137T138: C21761,C21761,RC03505,C1b-C4a:N1d+*-*+O4a:C1c-C1c,Ms1
M287T683,287.054718017578,683.098,396148.4375,C03506,287.0559,C11H14NO6P,Indoleglycerol phosphate,[M]+,4,0,0,0,0.5,M205T330: C00078,C00078,RC02868,C8y-C8y:C1b+*-*+C1c:C8x+C8y-C8x+C8y,Ms1
M188T330,188.070678710938,330.02,535779.25,C16589,188.0685,C8H12O5,2-Oxosuberate,[M]+,12,0,0,0,0.5,M253T244: C16600,C16600,RC00114,C1b-C1c:*-C6a:C1b+C5a-C1b+C1c C5a-C1c:*-*:C1b+C6a+O5a-C1c+C6a+O1a,Ms1
M255T83,255.097076416016,83.2725,367422.84375,C03150,255.0981,C11H15N2O5,Nicotinamide-beta-riboside,[M]+,4,0,0,0.125,0.5,M141T82: C00153,C00153,RC00033,N5x-N5y:*-C1y:C8x+C8x-C8x+C8x,Ms1
M150T138,150.058029174805,137.943,615005.1875,C00073,149.051,C5H11NO2S,L-Methionine,[M+H]+,5,0.999579550769096,0.999579550769096,1,4.2410519540681E-14,M150T122: C00855,C00855,RC00302,C1c-C1c:*-*:C1b+C6a+N1a-C1b+C6a+N1a,Ms2
M170T172,170.081008911133,172.301,169433.328125,C00314,169.0739,C8H11NO3,Pyridoxine,[M+H]+,4,0,0,0,0.5,M168T133: C00250,C00250,RC00116,C1b-C4a:*-*:C8y+O1a-C8y+O4a,Ms1
M137T13,137.059509277344,13.1937,195209.25,C03765,136.0524,C8H8O2,4-Hydroxyphenylacetaldehyde,[M+H]+,5,0.702211574523231,0.557540636463385,0.111111111111111,2.34701147405758E-13,M156T350: C00483,C00483,RC00062,C1b-C4a:N1a+*-*+O4a:C1b-C1b,Ms2
M377T661,377.277954101563,660.812,377557.53125,C20692,376.2766,C27H36O,9-cis-10'-Apo-beta-carotenal,[M+H]+,17,0,0,0,0.5,M157T470: C20694,C20694,RC03188,C2b-C2b:C2b+*-*+O1a:C2b-C2b,Ms1
M318T765,318.299530029297,765.147,251794.875,C12144,317.293,C18H39NO3,Phytosphingosine,[M+H]+,4,0,0,0,0.5,M302T843: C00836,C00836,RC00773,C1b-C1c:*-O1a:C1b+C1c-C1b+C1c,Ms1
M397T614,397.256011962891,613.787,145166.09375,C21142,397.2617,C25H35NO3,"3,4-Dihydroxy-2-methy-4-[(2E,6E)-farnesyl]-3,4-dihydroquinoline 1-oxide",[M]+,14,0,0,0,0.5,M380T471: C21140,C21140,RC03370,C1y-C8y:*-*:C1z+C2y+O1a-C8y+C8y+O1a C1z-C8y:O1a-*:C1b+C1y+C8y-C1b+C8y+C8y,Ms1
M363T638,363.252471923828,637.551,392986.1875,C10641,363.2562,C25H33NO,Aurachin D,[M]+,10,0,0,0,0.5,M380T471: C21330,C21330,RC03524,N4x-N4y:*-O1b:C8y+C8y-C8y+C8y,Ms1
M330T785,330.169097900391,784.536,403367.75,C21630,329.1627,C19H23NO4,(S)-Norlaudanine,[M+H]+,4,0,0,0,0.5,M362T334: C21631,C21631,RC00392,O1a-O2a:*-C1a:C8y-C8y,Ms1
M382T394,382.196624755859,393.746,414832.53125,C21678,382.1893,C22H26N2O4,"(3R)-3-Hydroxy-16-methoxy-1,2-didehydro-2,3-dihydrotabersonine",[M]+,19,0,0,0,0.5,M385T473: C04578,C04578,RC03499,C1y-C2y:*-*:C1z+C1z+N1x-C1z+C1z+N2x N1x-N2x:*-*:C1y+C8y-C2y+C8y,Ms1
M137T241,137.045471191406,241.444,1731044.625,C00568,137.0477,C7H7NO2,4-Aminobenzoate,[M]+,16,0,0,0,0.5,M315T914: C00921,C00921,RC00121,N1a-N1b:*-C1b:C8y-C8y,Ms1
M394T398,394.232757568359,397.766,216632.421875,C03887,393.2277,C21H27N7O,Oxidized Cypridina luciferin,[M+H]+,7,0,0,0,0.5,M405T335: C02825,C02825,RC01063,C5a-C8y:O5a+*-*+C8y:C1c+N1b-C1c+N5x N1b-N5x:*-*:C5a+C8y-C8y+C8y N5x-N4x:*-*:C8y+C8y-C8y+C8y N5x-N4y:*-C8y:C8x+C8y-C8x+C8y,Ms1
M145T554,145.122100830078,554.091,320372.9375,C07185,144.115,C8H16O2,Valproic acid,[M+H]+,5,0,0,0,0.5,M143T475: C16648,C16648,RC02235,C1a-C2a:*-*:C1b-C2b C1b-C2b:*-*:C1a+C1b-C2a+C1b,Ms1
M253T244,253.092849731445,244.062,196027.203125,C05512,252.0859,C10H12N4O4,Deoxyinosine,[M+H]+,3,0.591875717078343,0.691849091114799,0.111111111111111,2.00950367457153E-13,M137T154: C00262,C00262,RC00063,N4x-N4y:*-C1y:C8x+C8y-C8x+C8y,Ms2
M180T404,180.065155029297,403.599,329108.375,C00159,180.0634,C6H12O6,D-Mannose,[M]+,10,0,0,0.125,0.5,M269T235: C11544,C11544,RC00746,O1a-O2a:*-C1c:C1y-C1y,Ms1
M160T126,160.132904052734,125.753,641228.375,C02066,141.1154,C8H15NO,Pseudotropine,[M+H+H2O]+,6,0,0,0,0.5,M158T337: C00783,C00783,RC00144,C1y-C5x:*-*:C1x+C1x+O1a-C1x+C1x+O5x,Ms1
M175T270,175.096374511719,269.631,532436.1875,C00327,175.0957,C6H13N3O3,L-Citrulline,[M]+,4,0,0,0.142857142857143,0.5,M190T283: C05933,C05933,RC01044,C2c-C5a:N2b+*-*+O5a:N1a+N1b-N1a+N1b,Ms1
M192T426,192.065322875977,426.36,2226447.75,C00296,192.0634,C7H12O6,Quinate,[M]+,10,0,0,0,0.5,M190T346: C00944,C00944,RC00154,C1y-C5x:*-*:C1x+C1y+O1a-C1x+C1y+O5x,Ms1
M208T305,208.06022644043,304.664,266649.9375,C14801,207.0532,C10H9NO4,"1-Nitro-5,6-dihydroxy-dihydronaphthalene",[M+H]+,4,0.968099820628367,0.937669588803271,0.666666666666667,5.7065463465733E-14,M190T346: C14800,C14800,RC01447,C1y-C1y:O1a+*-*+O2x:C1y+C8y-C1y+C8y O1a-O2x:*-C1y:C1y-C1y,Ms2
M166T75,166.053131103516,74.5302,4671904,C02989,165.046,C5H11NO3S,L-Methionine S-oxide,[M+H]+,4,0,0,0,0.5,M150T105: C00073,C00073,RC00639,S2a-S4a:*-O3c:C1a+C1b-C1a+C1b,Ms1
M224T266,224.055038452148,265.622,567357.9375,C01249,223.0481,C10H9NO5,"7,8-Dihydro-7,8-dihydroxykynurenate",[M+H]+,4,0,0,0.142857142857143,0.5,M190T346: C01717,C01717,RC00091,C1y-C8x:O1a-*:C1y+C2x-C8x+C8x C1y-C8x:O1a-*:C1y+C8y-C8x+C8y,Ms1
M183T563,183.07780456543,562.577,201555.703125,C01526,164.0586,C8H8N2O2,Ricinine,[M+H+H2O]+,4,0,0,0,0.5,M184T239: C04447,C04447,RC00959,C3b-C6a:N3a+*+*-*+O6a+O6a:C8y-C8y,Ms1
M242T63,241.999130249023,63.1543,569625.125,C15651,242.0014,C6H11O6PS,2-Hydroxy-3-keto-5-methylthiopentenyl-1-phosphate,[M]+,9,0,0,0,0.5,M242T61: C15650,C15650,RC02421,C1b-C2b:*-*:C5a+O2b-C2c+O2b C5a-C2c:*-*:C1b+C5a+O5a-C2b+C5a+O1a,Ms1
M307T915,307.187957763672,915.179,172057.15625,C05141,288.1725,C18H24O3,Estriol,[M+H+H2O]+,10,0,0,0,0.5,M287T63: C05300,C05300,RC00261,C1y-C5x:*-*:C1y+C1z+O1a-C1y+C1z+O5x,Ms1
M271T69,271.166748046875,69.1522,558399.125,C00468,270.162,C18H22O2,Estrone,[M+H]+,11,0,0,0,0.5,M287T63: C05300,C05300,RC00704,C1x-C1y:*-O1a:C1x+C5x-C1x+C5x,Ms1
M139T135,139.049911499023,135.304,3353726.5,C00785,138.0429,C6H6N2O2,Urocanate,[M+H]+,6,0,0,0.166666666666667,0.5,M141T82: C20522,C20522,RC00669,C1b-C2b:*-*:C1b+C6a-C2b+C6a C1b-C2b:*-*:C1b+C8y-C2b+C8y,Ms1
M410T921,410.325866699219,920.605,1398084.875,C14155,410.3185,C28H42O2,gamma-Tocotrienol,[M]+,18,0.897388608907437,0.838529302296402,0.428571428571429,1.89404048001052E-13,M410T851: C20738,C20738,RC01911,C1x-C2b:*-*:C1x+C1z-C1b+C2c C1z-C2c:O2x-*:C1a+C1b+C1x-C1a+C1b+C2b O2x-O1a:C1z-*:C8y-C8y,Ms2
M198T78,198.096954345703,78.1061,1719961.25,C01214,179.0794,C6H13NO5,1-Amino-1-deoxy-scyllo-inositol,[M+H+H2O]+,4,0,0,0,0.5,M260T82: C01283,C01283,RC00078,O1a-O2b:*-P1b:C1y-C1y,Ms1
M259T15,259.025695800781,15.4299,171358.03125,C20668,258.0141,C6H11O9P,3-Dehydro-D-glucose 6-phosphate,[M+H]+,15,0,0,0,0.5,M260T82: C12213,C12213,RC00781,C1y-C5x:N1a+*-*+O5x:C1y+C1y-C1y+C1y,Ms1
M396T939,396.331726074219,939.338,284258.40625,C15816,396.3392,C28H44O,3-Keto-4-methylzymosterol,[M]+,19,0,0,0,0.5,M443T894: C15808,C15808,RC01163,C1y-C1z:*-C6a:C1a+C1y+C5x-C1a+C1y+C1y C5x-C1y:*-*:C1x+C1y+O5x-C1x+C1z+O1a,Ms1
M412T911,412.377807617188,910.959,322258.9375,C05108,412.3705,C29H48O,14-Demethyllanosterol,[M]+,18,0,0,0,0.5,M443T894: C15808,C15808,RC01952,C1a-C6a:*+*-O6a+O6a:C1z-C1z,Ms1
M146T258,146.080932617188,258.383,403987.84375,C03239,145.0739,C6H11NO3,6-Amino-2-oxohexanoate,[M+H]+,5,0,0,0,0.5,M147T65: C00047,C00047,RC00006,C1c-C5a:N1a+*-*+O5a:C1b+C6a-C1b+C6a,Ms1
M219T126,219.133712768555,126.137,479557.875,C04020,218.1267,C9H18N2O4,D-Lysopine,[M+H]+,4,0,0,0,0.5,M147T65: C00047,C00047,RC00283,N1a-N1b:*-C1c:C1c-C1c,Ms1
M189T533,189.112030029297,533.274,180332.09375,C02427,189.1113,C7H15N3O3,L-Homocitrulline,[M]+,4,0,0,0,0.5,M147T65: C00047,C00047,RC00096,N1a-N1b:*-C5a:C1b-C1b,Ms1
M188T218,188.115707397461,218.415,476484.9375,C02727,188.1161,C8H16N2O3,N6-Acetyl-L-lysine,[M]+,2,0,0,0.166666666666667,0.5,M147T65: C00047,C00047,RC00096,N1a-N1b:*-C5a:C1b-C1b,Ms1
M304T409,304.164733886719,408.605,184322.28125,C01804,304.1648,C14H20N6O2,Discadenine,[M]+,0,0,0,0,0.5,M204T319: C04083,C04083,RC00986,N4y-N5x:C1b-*:C8x+C8y-C8x+C8y,Ms1
M276T223,276.155059814453,223.266,272637.78125,C21730,275.1481,C11H21N3O5,epsilon-(gamma-L-Glutamyl)-L-lysine,[M+H]+,3,0,0,0,0.5,M147T65: C00047,C00047,RC00096,N1a-N1b:*-C5a:C1b-C1b,Ms1
M347T298,347.191589355469,297.587,333466.6875,C21160,346.1852,C14H26N4O6,L-Alanyl-gamma-D-glutamyl-L-lysine,[M+H]+,4,0,0,0,0.5,M147T65: C00047,C00047,RC00064,N1a-N1b:*-C5a:C1c-C1c,Ms1
M130T83,130.085906982422,82.8903,639310.625,C00408,129.079,C6H11NO2,L-Pipecolate,[M+H]+,7,0,0,0,0.5,M147T65: C00047,C00047,RC00354,C1c-C1y:N1a+*-*+N1x:C1b+C6a-C1x+C6a N1a-N1x:*-C1y:C1b-C1x,Ms1
M188T70,188.175659179688,69.7719,2801727.75,C01029,187.1685,C9H21N3O,N8-Acetylspermidine,[M+H]+,4,0,0,0,0.5,M130T83: C05936,C05936,RC00225,C1b-C4a:N1b+*-*+O4a:C1b-C1b,Ms1
M147T65,147.112411499023,64.9811,8069582.5,C01186,146.1055,C6H14N2O2,"(3S,5S)-3,5-Diaminohexanoate",[M+H]+,6,0,0,0,0.5,M146T258: C03656,C03656,RC00888,C1c-C5a:N1a+*-*+O5a:C1b+C1b-C1b+C1b,Ms1
M252T231,252.108627319336,230.78,279770.84375,C00559,251.1018,C10H13N5O3,Deoxyadenosine,[M+H]+,4,0,0,0,0.5,M253T244: C05512,C05512,RC00477,C8y-C8y:N1a+*-*+O5x:C8y+N5x-C8y+N4x N5x-N4x:*-*:C8x+C8y-C8x+C8y,Ms1
M144T84,144.101699829102,84.0869,1220591.5,C03078,144.1011,C5H12N4O,4-Guanidinobutanamide,[M]+,4,0,0,0,0.5,M174T429: C00062,C00062,RC00213,C1c-C5a:C6a+*-*+O5a:C1b+N1a-C1b+N1a,Ms1
M190T283,190.106964111328,282.62,2112986,C18473,190.1066,C6H14N4O3,beta-Hydroxyarginine,[M]+,2,0,0,0,0.5,M174T429: C00062,C00062,RC00773,C1b-C1c:*-O1a:C1b+C1c-C1b+C1c,Ms1
M265T377,265.154449462891,376.811,1190417.75,C06655,246.1328,C9H18N4O4,L-N2-(2-Carboxyethyl)arginine,[M+H+H2O]+,12,0,0,0,0.5,M174T348: C00062,C00062,RC00215,N1a-N1b:*-C1b:C1c-C1c,Ms1
M275T410,275.138671875,409.606,942048.9375,C03296,274.1277,C10H18N4O5,N2-Succinyl-L-arginine,[M+H]+,11,0,0,0,0.5,M174T348: C00062,C00062,RC00064,N1a-N1b:*-C5a:C1c-C1c,Ms1
M245T329,245.149871826172,329.007,183492.5625,C05340,245.1488,C9H19N5O3,beta-Alanyl-L-arginine,[M]+,4,0,0,0,0.5,M174T429: C00062,C00062,RC00064,N1a-N1b:*-C5a:C1c-C1c,Ms1
M174T348,174.112350463867,347.805,2740904.5,C00792,174.1117,C6H14N4O2,D-Arginine,[M]+,4,0.551153354368464,0.516072096232039,0.333333333333333,2.03170813506404E-13,M174T429: C00062,C00062,RC00302,C1c-C1c:*-*:C1b+C6a+N1a-C1b+C6a+N1a,Ms2
M249T468,249.109436035156,467.97,375441.875,C12456,248.1049,C14H16O4,3-Dimethylallyl-4-hydroxyphenylpyruvate,[M+H]+,13,0,0,0,0.5,M237T897: C12457,C12457,RC01471,C1b-C1c:*-O1a:C5a+C8y-C6a+C8y C5a-C6a:C6a+*-*+O6a:C1b+O5a-C1c+O6a,Ms1
M225T598,225.109344482422,597.956,409123.8125,C19580,225.1113,C10H15N3O3,alpha-[3-[(Hydroxymethyl)nitrosoamino]propyl]-3-pyridinemethanol,[M]+,9,0,0,0,0.5,M210T314: C19574,C19574,RC02530,C1a-C1b:*-O1a:N1c-N1c,Ms1
M419T388,419.248840332031,387.688,1024485.75,C20531,419.246,C27H33NO3,13-Desoxypaxilline,[M]+,7,0,0,0,0.5,M440T901: C20535,C20535,RC00206,C1y-C5x:*-*:C1y+C2x+O1a-C1y+C2x+O5x,Ms1
M405T633,405.262908935547,632.828,447596.3125,C20534,405.2668,C27H35NO2,"12-Demethyl-11,12-dehydropaspaline",[M]+,10,0,0,0,0.5,M440T901: C20535,C20535,RC00524,C1x-C1y:*-O1a:C1y+C2x-C1y+C2x,Ms1
M155T535,155.059387207031,534.87,441499.46875,C19830,155.0582,C7H9NO3,"(5S,6S)-6-Amino-5-hydroxycyclohexa-1,3-diene-1-carboxylate",[M]+,8,0,0,0,0.5,M244T83: C18054,C18054,RC00350,O1a-O2a:*-C2c:C1y-C1y,Ms1
M386T336,386.227844238281,336.047,304191.25,C11990,386.2305,C20H34O7,Oleandolide,[M]+,7,0,0,0,0.5,M517T903: C11991,C11991,RC00049,O1a-O2a:*-C1y:C1y-C1y,Ms1
M220T285,220.117645263672,285.036,309628.75,C00864,219.1107,C9H17NO5,Pantothenate,[M+H]+,4,0,0,0,0.5,M299T246: C03492,C03492,RC00017,O1a-O2b:*-P1b:C1b-C1b,Ms1
M245T378,245.185668945313,378.222,3235367,C01255,244.1787,C12H24N2O3,N-(6-Aminohexanoyl)-6-aminohexanoate,[M+H]+,3,0.97313346819644,0.97313346819644,1,4.10782519111308E-14,M245T362: C04277,C04277,RC00931,C5x-C6a:N1x+*-*+O6a:C1x+O5x-C1b+O6a N1x-N1a:C5x-*:C1x-C1b,Ms2
M205T330,205.096755981445,329.619,1253411.875,C00525,204.0899,C11H12N2O2,D-Tryptophan,[M+H]+,5,0,0,0,0.5,M255T83: C15605,C15605,RC00356,C4a-C8x:O4a+*-*+C8y:N1b-N4x C5a-C8y:O5a+*-*+C8x:C1b+C8y-C1b+C8y,Ms1
M349T726,349.237213134766,726.369,433216.84375,C03205,330.2195,C21H30O3,11-Deoxycorticosterone,[M+H+H2O]+,2,0.954460624062291,0.902845347554811,0.428571428571429,6.79456491070596E-14,M349T570: C04108,C04108,RC01092,C1b-C4a:*-*:C5a+O1a-C1c+O4a C5a-C1c:*-*:C1b+C1y+O5a-C4a+C1y+O1a,Ms2
M259T723,259.096252441406,722.562,430446.75,C14115,258.0892,C15H14O4,2-Naphtylmethylsuccinic acid,[M+H]+,3,0,0,0,0.5,M161T654: C14098,C14098,RC01434,C1a-C1b:*-C1c:C8y-C8y,Ms1
M345T373,345.21337890625,373.352,628570,C05490,344.1988,C21H28O4,11-Dehydrocorticosterone,[M+H]+,20,0,0,0,0.5,M347T350: C02140,C02140,RC00154,C1y-C5x:*-*:C1x+C1y+O1a-C1x+C1y+O5x,Ms1
M287T63,287.170104980469,62.9582,575664.9375,C05298,286.1569,C18H22O3,2-Hydroxyestrone,[M+H]+,19,0,0,0,0.5,M271T69: C00468,C00468,RC00046,C8x-C8y:*-O1a:C8x+C8y-C8x+C8y,Ms1
M319T1009,319.224365234375,1009.01,429141.34375,C04577,318.2195,C20H30O3,15-OxoETE,[M+H]+,9,0,0,0,0.5,M339T906: C04742,C04742,RC00241,C1c-C5a:*-*:C1b+C2b+O1a-C1b+C2b+O5a,Ms1
M337T845,337.234466552734,845.396,1113714.25,C05966,336.2301,C20H32O4,15(S)-HPETE,[M+H]+,10,0.943819743421423,0.845604901278843,0.111111111111111,1.61870516990348E-13,M337T876: C14781,C14781,RC01725,C1y-C2b:O2x-*:C1b+C1y-C1b+C2b C1y-C2b:O2x-*:C1y+C2b-C2b+C2b O1a-O2a:*-O1a:C1c-C1c O2x-O1a:C1y+C1y+*-*+*+O2a:*-*,Ms2
M144T125,144.101470947266,124.746,2112869.5,C10172,143.0946,C7H13NO2,Stachydrine,[M+H]+,7,1,0.985306243652033,0.333333333333333,8.26005930321116E-14,M144T102: C21514,C21514,RC03486,C1y-C1y:*-*:C1x+C6a+N2y-C1x+C6a+N2y,Ms2
M353T735,353.229919433594,735.021,147893.828125,C05960,352.225,C20H32O5,15-Keto-prostaglandin F2alpha,[M+H]+,8,0,0,0,0.5,M355T688: C00639,C00639,RC00241,C1c-C5a:*-*:C1b+C2b+O1a-C1b+C2b+O5a,Ms1
M355T712,355.244842529297,711.751,246802.65625,C04843,354.2406,C20H34O5,"(5Z,9E,14Z)-(8xi,11xi,12S)-8,11,12-Trihydroxyicosa-5,9,14-trienoate",[M+H]+,10,0.89193783382316,0.888299815547515,1,6.26165785888588E-14,M355T688: C04849,C04849,RC01184,C1c-C1y:O1a+*-*+O2x:C1c+C2b-C1y+C2b O1a-O2x:*-C1y:C1c-C1y,Ms2
M255T590,255.064651489258,590.118,316391.46875,C10208,254.0579,C15H10O4,Daidzein,[M+H]+,4,0,0,0.2,0.5,M273T152: C15567,C15567,RC01632,C1y-C8x:O1a-*:C1y+O2x-C8y+O2x C1y-C8y:*-*:C1y+C5x+C8y-C8x+C8y+C8y,Ms1
M144T211,144.065216064453,211.37,222765.890625,C14602,125.0477,C6H7NO2,3-Hydroxyaminophenol,[M+H+H2O]+,6,0,0,0,0.5,M140T154: C14418,C14418,RC00250,N1b-N2b:*-O3a:C8y+O1b-C8y+O3a,Ms1
M110T145,110.081077575684,145.475,219480.53125,C06057,91.0633,C3H9NO2,"3-Aminopropane-1,2-diol",[M+H+H2O]+,6,0,0,0,0.5,M154T155: C06056,C06056,RC00517,C1b-C1c:*-C6a:C1c+N1a-C1c+N1a,Ms1
M190T176,190.071166992188,176.19,149384.9375,C12109,189.0637,C7H11NO5,AminoDHQ,[M+H]+,2,0.99818366086095,0.999998514235421,0.666666666666667,4.84057238736568E-14,M190T159: C12108,C12108,RC00848,C1x-C2x:*-*:C1z+C5x-C2y+C5x C1z-C2y:O1a-*:C1x+C1x+C6a-C1x+C2x+C6a,Ms2
M153T172,153.040496826172,172.497,124808.1328125,C00632,153.0426,C7H7NO3,3-Hydroxyanthranilate,[M]+,14,0.872191697585877,0.922097011709883,0.428571428571429,1.35225164399344E-13,M153T189: C16235,C16235,RC01754,C8x-C8y:*-O1a:C8x+C8y-C8x+C8y N1b-N1a:O1b-*:C8y-C8y O1b-O1a:N1b+*-*+C8y:*-*,Ms2
M453T1001,453.317596435547,1001.32,524795.3125,C11994,453.309,C25H43NO6,10-Deoxymethymycin,[M]+,19,0,0,0,0.5,M486T689: C20741,C20741,RC03213,C1b-C1c:*-O1a:C1a+C1y-C1a+C1y C1y-C1z:*-O1a:C1a+C1y+C2x-C1a+C1y+C2x,Ms1
M265T81,265.111663818359,81.1085,293395.09375,C17226,264.1031,C11H20O5S,2-(6'-Methylthio)hexylmalic acid,[M+H]+,3,0.999211290683376,0.998217938338555,0.75,4.68514116391816E-14,M265T98: C17227,C17227,RC00497,C1b-C1c:*-O1a:C1d+C6a-C1c+C6a C1d-C1c:O1a-*:C1b+C1b+C6a-C1b+C1c+C6a O1a-O1a:C1d+*-*+C1c:*-*,Ms2
M180T361,180.101669311523,361.32,762313.5,C00955,161.0841,C10H11NO,Indole-3-ethanol,[M+H+H2O]+,5,0,0,0,0.5,M160T254: C00637,C00637,RC00087,C1b-C4a:*-*:C1b+O1a-C1b+O4a,Ms1
M144T363,144.080520629883,362.546,216967.28125,C04404,144.0786,C7H12O3,trans-4-Hydroxycyclohexanecarboxylate,[M]+,13,0,0,0,0.5,M161T387: C03767,C03767,RC00144,C1y-C5x:*-*:C1x+C1x+O1a-C1x+C1x+O5x,Ms1
M407T737,407.279113769531,737.458,372901.375,C04643,406.2719,C24H38O5,7-Oxodeoxycholate,[M+H]+,2,0,0,0,0.5,M409T698: C00695,C00695,RC00154,C1y-C5x:*-*:C1x+C1y+O1a-C1x+C1y+O5x,Ms1
M261T371,261.0869140625,371.329,389455.53125,C03366,242.0668,C6H15N2O6P,5-Phosphooxy-L-lysine,[M+H+H2O]+,7,0,0,0,0.5,M146T258: C04076,C04076,RC03099,C1b-C1c:*-O2b:C1b+C4a-C1b+C1b C4a-C1b:O4a+*-*+N1a:C1b-C1c,Ms1
M468T773,468.366638183594,772.637,176486.953125,C02785,468.3603,C31H48O3,3-Hydroxy-vitamin K,[M]+,14,0,0,0,0.5,M485T296: C05849,C05849,RC01600,C1y-C1z:*-O2x:C1a+C1z+C5x-C1a+C1z+C5x O1a-O2x:*-C1z:C1z-C1z,Ms1
M104T88,104.070350646973,87.7206,747494.375,C11735,103.0633,C4H9NO2,N-Ethylglycine,[M+H]+,7,0,0,0,0.5,M206T534: C16561,C16561,RC00090,C5a-C6a:N1b+*-*+O6a:C1b+O5a-C1b+O6a,Ms1
M366T465,366.201965332031,465.17,272012.28125,C05950,366.2042,C20H30O6,20-COOH-Leukotriene B4,[M]+,6,0,0,0,0.5,M353T735: C04853,C04853,RC00651,C1b-C6a:*-O6a:C1b+O1a-C1b+O6a,Ms1
M385T751,385.341827392578,750.619,558703.6875,C01802,384.3392,C27H44O,Desmosterol,[M+H]+,13,0,0,0,0.5,M383T707: C05107,C05107,RC00138,C1x-C2x:*-*:C1y+C2x-C2y+C2x C1y-C2y:*-*:C1x+C1y+C1y-C2x+C1y+C1y,Ms1
M383T762,383.186462402344,761.51,444179.78125,C16507,364.1651,C16H29O7P,(10S)-Juvenile hormone III diol phosphate,[M+H+H2O]+,8,0,0,0,0.5,M303T709: C16505,C16505,RC00428,O1a-O2b:*-P1b:C1c-C1c,Ms1
M324T6,324.217224121094,5.5112,532717.375,C06866,305.1991,C18H27NO3,Capsaicin,[M+H+H2O]+,1,0,0,0,0.5,M189T710: C18202,C18202,RC00090,C5a-C6a:N1b+*-*+O6a:C1b+O5a-C1b+O6a,Ms1
M127T159,127.111396789551,159.051,172130.984375,C21138,126.1045,C8H14O,trans-2-Octenal,[M+H]+,7,0,0,0,0.5,M189T710: C21139,C21139,RC03367,C1b-C2b:*-*:C1c+C4a-C2b+C4a C1c-C2b:C5a-*:C1b+C1b-C1b+C2b,Ms1
M185T597,185.116882324219,596.568,398497.90625,C17622,166.0994,C10H14O2,(6E)-8-Oxogeranial,[M+H+H2O]+,5,0,0,0,0.5,M189T710: C17621,C17621,RC02346,C1b-C4a:*-*:C2b+O1a-C2b+O4a C1b-C4a:*-*:C2c+O1a-C2c+O4a,Ms1
M190T551,190.0498046875,551.25,638655.625,C14800,189.0426,C10H7NO3,"1-Nitronaphthalene-5,6-oxide",[M+H]+,3,0.82201602852511,0.950523606478557,0.666666666666667,6.26165785888588E-14,M208T305: C14801,C14801,RC01447,C1y-C1y:O1a+*-*+O2x:C1y+C8y-C1y+C8y O1a-O2x:*-C1y:C1y-C1y,Ms2
M161T654,161.095932006836,653.755,205250.828125,C14098,142.0783,C11H10,2-Methylnaphthalene,[M+H+H2O]+,5,0,0,0,0.5,M259T723: C14115,C14115,RC01434,C1a-C1b:*-C1c:C8y-C8y,Ms1
M261T733,261.109008789063,732.606,178060.0625,C21418,242.0943,C15H14O3,"(2R,3S,4S)-Leucoanthocyanidin",[M+H+H2O]+,14,0,0,0,0.5,M259T723: C21417,C21417,RC00235,C1y-C5x:*-*:C1y+C8y+O1a-C1y+C8y+O5x,Ms1
M345T638,345.242370605469,638.14,260838.140625,C20855,344.2351,C22H32O3,22-Hydroxydocosahexaenoate,[M+H]+,2,0,0,0,0.5,M347T738: C06429,C06429,RC00797,C1a-C1b:*-O1a:C1b-C1b,Ms1
M327T462,327.133911132813,461.76,534899.125,C19758,326.1213,C12H22O10,beta-D-Galactosyl-(1->4)-L-rhamnose,[M+H]+,15,0.982881291121444,0.552894577955642,0.125,3.07087688611318E-13,M164T460: C00507,C00507,RC00049,O1a-O2a:*-C1y:C1y-C1y,Ms2
M243T529,243.087310791016,528.838,211650.828125,C05711,243.0855,C9H13N3O5,gamma-Glutamyl-beta-cyanoalanine,[M]+,7,0,0,0,0.5,M148T73: C00025,C00025,RC00090,C5a-C6a:N1b+*-*+O6a:C1b+O5a-C1b+O6a,Ms1
M303T709,303.216339111328,709.339,288078.78125,C16505,284.1988,C16H28O4,(10S)-Juvenile hormone III diol,[M+H+H2O]+,3,0,0,0,0.5,M383T762: C16507,C16507,RC00428,O1a-O2b:*-P1b:C1c-C1c,Ms1
M302T843,302.305480957031,843.183,430295.71875,C00836,301.2981,C18H39NO2,Sphinganine,[M+H]+,1,0,0,0,0.5,M318T765: C00319,C00319,RC00824,C1b-C2b:*-*:C1b+C1b-C1b+C2b C1b-C2b:*-*:C1b+C1c-C2b+C1c,Ms1
M484T650,484.362548828125,650.104,222922.59375,C03640,465.3457,C23H50N2O5P,Sphingosyl-phosphocholine,[M+H+H2O]+,3,0,0,0,0.5,M318T765: C00319,C00319,RC00017,O1a-O2b:*-P1b:C1b-C1b,Ms1
M380T471,380.263458251953,471.051,459662.21875,C06124,379.2488,C18H38NO5P,Sphingosine 1-phosphate,[M+H]+,18,0,0,0,0.5,M318T765: C00319,C00319,RC00017,O1a-O2b:*-P1b:C1b-C1b,Ms1
M485T296,485.357330322266,295.972,982883.5625,C05849,466.3447,C31H46O3,Vitamin K1 epoxide,[M+H+H2O]+,12,0,0,0,0.5,M468T773: C02785,C02785,RC01600,C1y-C1z:*-O2x:C1a+C1z+C5x-C1a+C1z+C5x O1a-O2x:*-C1z:C1z-C1z,Ms1
M496T631,496.308074951172,630.8,171019.296875,C16500,496.3036,C27H44O8,"20,26-Dihydroxyecdysone",[M]+,9,0,0,0,0.5,M480T779: C02633,C02633,RC01693,C1a-C1b:*-O1a:C1d-C1d,Ms1
M369T561,369.224670410156,561.176,323002.375,C05962,368.2199,C20H32O6,6-Keto-prostaglandin E1,[M+H]+,8,0,0,0,0.5,M370T393: C05961,C05961,RC00154,C1y-C5x:*-*:C1x+C1y+O1a-C1x+C1y+O5x,Ms1
M405T335,405.233856201172,334.83,360600.4375,C02825,405.2277,C22H27N7O,Cypridina luciferin,[M]+,15,0,0,0,0.5,M394T398: C03887,C03887,RC01063,C5a-C8y:O5a+*-*+C8y:C1c+N1b-C1c+N5x N1b-N5x:*-*:C5a+C8y-C8y+C8y N5x-N4x:*-*:C8y+C8y-C8y+C8y N5x-N4y:*-C8y:C8x+C8y-C8x+C8y,Ms1
M316T692,316.153961181641,692.357,765541.125,C06520,315.1471,C18H21NO4,(S)-Norreticuline,[M+H]+,3,0,0,0,0.5,M348T317: C21630,C21630,RC00392,O1a-O2a:*-C1a:C8y-C8y,Ms1
M241T283,241.115097045898,283.005,368873.1875,C00272,241.1175,C9H15N5O3,Tetrahydrobiopterin,[M]+,10,0,0,0,0.5,M239T251: C21640,C21640,RC00525,C1c-C5a:*-*:C1a+C1c+O1a-C1a+C1c+O5a,Ms1
M256T430,256.099853515625,430.35,383506.5,C00835,237.0862,C9H11N5O3,Sepiapterin,[M+H+H2O]+,18,0,0,0,0.5,M239T251: C02953,C02953,RC00823,C1c-C5a:*-*:C1c+C2y+O1a-C1c+C2y+O5a,Ms1
M116T82,116.070259094238,81.7324,43820452,C00148,115.0633,C5H9NO2,L-Proline,[M+H]+,7,1,1,1,4.61852778244065E-14,M116T915: C00763,C00763,RC00479,C1y-C1y:*-*:C1x+C6a+N1x-C1x+C6a+N1x,Ms2
M283T1033,283.263092041016,1032.95,70042.078125,C00712,282.2559,C18H34O2,(9Z)-Octadecenoic acid,[M+H]+,2,0.704631652440734,0.79265734768838,0.25,1.20348175869367E-13,M282T954: C19670,C19670,RC00010,C5a-C6a:N1a+*-*+O6a:C1b+O5a-C1b+O6a,Ms2
M315T844,315.252502441406,844.394,616141.25,C19620,314.2457,C18H34O4,"9,10-Epoxy-18-hydroxystearate",[M+H]+,3,1,0.888781550485001,0.333333333333333,7.70494779089859E-14,M333T686: C19621,C19621,RC01757,C1c-C1y:O1a+*-*+O2x:C1b+C1c-C1b+C1y O1a-O2x:*-C1y:C1c-C1y,Ms2
M285T522,285.132934570313,521.568,161986.046875,C01516,285.1365,C17H19NO3,Morphine,[M]+,13,0,0,0,0.5,M290T84: C11785,C11785,RC01198,N1x-N1y:*-C1a:C1x+C1y-C1x+C1y,Ms1
M333T745,333.263153076172,744.552,1112476.5,C19621,332.2563,C18H36O5,"9,10,18-Trihydroxystearate",[M+H]+,3,0.985105209360815,0.999720293131534,0.6,5.41788836017076E-14,M333T728: C19620,C19620,RC01757,C1c-C1y:O1a+*-*+O2x:C1b+C1c-C1b+C1y O1a-O2x:*-C1y:C1c-C1y,Ms2
M146T81,146.117340087891,80.5359,2135300.25,C01996,146.1181,C7H16NO2,Acetylcholine,[M]+,5,0.741169348557263,0.861160287450605,0.2,1.34114941374719E-13,M104T72: C00114,C00114,RC00041,O1a-O7a:*-C7a:C1b-C1b,Ms2
M290T84,290.134582519531,84.2766,696020.375,C20917,289.1274,C11H19N3O6,Tabtoxin,[M+H]+,2,0,0,0,0.5,M120T72: C00188,C00188,RC00064,N1a-N1b:*-C5a:C1c-C1c,Ms1
M591T607,591.316284179688,607.098,341257.5,C05794,590.3104,C33H42N4O6,Urobilin,[M+H]+,3,0,0,0,0.5,M611T552: C05790,C05790,RC01983,C1b-C2b:*-*:C8y+C8y-C2y+C8y N4x-N2x:*-*:C8y+C8y-C2y+C2y,Ms1
M306T504,306.136932373047,504.123,549152.8125,C08532,287.1158,C16H17NO4,Lycorine,[M+H+H2O]+,9,0,0,0,0.5,M290T84: C08521,C08521,RC00524,C1x-C1y:*-O1a:C1y+C2x-C1y+C2x,Ms1
M353T539,353.098907470703,539.096,1954503.375,C12400,334.0841,C20H14O5,19-Hydroxy-8-O-methyltetrangulol,[M+H+H2O]+,10,0,0,0,0.5,M337T909: C12398,C12398,RC00269,C1a-C1b:*-O1a:C8y-C8y,Ms1
M130T260,130.064895629883,259.59,826164.5,C02129,130.063,C6H10O3,5-Oxohexanoic acid,[M]+,15,0.544357552206073,0.616206158236493,0.111111111111111,6.0018656711236E-13,M112T84: C01066,C01066,RC00881,C1a-C1x:*-C5x:C5a-C5x C6a-C5x:O6a+*-*+C1x:C1b+O6a-C1x+O5x,Ms2
M443T982,443.351654052734,981.613,1317938.875,C15808,442.3447,C29H46O3,4alpha-Methylzymosterol-4-carboxylate,[M+H]+,2,0,0,0,0.5,M396T939: C15816,C15816,RC01163,C1y-C1z:*-C6a:C1a+C1y+C5x-C1a+C1y+C1y C5x-C1y:*-*:C1x+C1y+O5x-C1x+C1z+O1a,Ms1
M432T827,432.310363769531,827.054,1634160.875,C20894,432.3028,C30H40O2,beta-Citraurin,[M]+,17,0,0,0,0.5,M297T357: C19730,C19730,RC01690,C2b-C4a:C2b+*-*+O4a:C2c-C2c,Ms1
M193T524,193.085845947266,523.988,140534.21875,C00439,174.0641,C6H10N2O4,N-Formimino-L-glutamate,[M+H+H2O]+,17,0,0,0,0.5,M148T73: C00025,C00025,RC00221,N1a-N1b:*-C2b:C1c-C1c,Ms1
M190T159,190.070846557617,158.85,375875.9375,C12108,171.0532,C7H9NO4,5-Amino-5-deoxy-3-dehydroshikimate,[M+H+H2O]+,4,0.999998514235421,0.99818366086095,0.666666666666667,5.28466159721575E-14,M190T176: C12109,C12109,RC00848,C1x-C2x:*-*:C1z+C5x-C2y+C5x C1z-C2y:O1a-*:C1x+C1x+C6a-C1x+C2x+C6a,Ms2
M175T205,175.107391357422,205.473,191665.828125,C01047,174.1004,C7H14N2O3,N5-Ethyl-L-glutamine,[M+H]+,5,0,0,0,0.5,M148T73: C00025,C00025,RC00090,C5a-C6a:N1b+*-*+O6a:C1b+O5a-C1b+O6a,Ms1
M222T79,222.097045898438,78.5074,934903.5625,C20843,222.1004,C11H14N2O3,N5-Phenyl-L-glutamine,[M]+,15,0,0,0,0.5,M148T73: C00025,C00025,RC00090,C5a-C6a:N1b+*-*+O6a:C1b+O5a-C1b+O6a,Ms1
M462T151,462.146026611328,151.159,1225972.875,C21664,461.1369,C20H23N5O6S,(Glutathione-S-yl)(1H-indol-3-yl)acetonitrile,[M+H]+,3,0,0,0,0.5,M148T73: C00025,C00025,RC00090,C5a-C6a:N1b+*-*+O6a:C1b+O5a-C1b+O6a,Ms1
M148T89,148.060073852539,89.1179,820469.0625,C05574,147.0532,C5H9NO4,3-Aminopentanedioate,[M+H]+,6,0,0,0,0.5,M148T73: C00025,C00025,RC00303,C1b-C1c:*-N1a:C1b+C1c-C1b+C1b C1c-C1b:N1a-*:C1b+C6a-C1c+C6a N1a-N1a:C1c+*-*+C1c:*-*,Ms1
M197T470,197.078277587891,470.04,721512.25,C12205,196.0736,C10H12O4,5-Hydroxyconiferyl alcohol,[M+H]+,16,0,0,0,0.5,M195T1: C12204,C12204,RC00649,C1b-C4a:*-*:C2b+O1a-C2b+O4a,Ms1
M210T274,210.112579345703,274.138,254541.9375,C17221,191.098,C8H17NO2S,Trihomomethionine,[M+H+H2O]+,18,0,0,0,0.5,M180T361: C17246,C17246,RC02295,C1c-C2b:C6a-*:C1b+N1a-C1b+N2b N1a-N2b:*-O1b:C1c-C2b,Ms1
M120T72,120.06519317627,72.3728,5068956,C00188,119.0582,C4H9NO3,L-Threonine,[M+H]+,7,0,0,0.166666666666667,0.5,M102T605: C00109,C00109,RC00418,C1b-C1c:*-O1a:C1a+C5a-C1a+C1c C5a-C1c:O5a+*-*+N1a:C1b+C6a-C1c+C6a O5a-O1a:C5a+*-*+C1c:*-*,Ms1
M150T122,150.058044433594,122.114,847607.25,C00855,149.051,C5H11NO2S,D-Methionine,[M+H]+,5,0.998883970434035,0.998883970434035,1,4.21884749357559E-14,M150T105: C00073,C00073,RC00302,C1c-C1c:*-*:C1b+C6a+N1a-C1b+C6a+N1a,Ms2
M146T467,146.059616088867,467.391,2092287.5,C01053,146.0579,C6H10O4,(R)-4-Dehydropantoate,[M]+,12,0,0,0,0.5,M162T419: C01088,C01088,RC00873,C4a-C6a:*-O6a:C1d+O4a-C1d+O6a,Ms1
M256T849,256.145751953125,849.433,612355.4375,C20515,256.1423,C12H20N2O4,Pulcherriminic acid,[M]+,13,0,0,0,0.5,M245T378: C20514,C20514,RC03114,C1y-C8y:*-*:C1b+C5x+N1x-C1b+C8y+N5y C1y-C8y:*-*:C1b+C5x+N1x-C1b+C8y+N5y C5x-C8y:*-*:C1y+N1x+O5x-C8y+N5y+O1a C5x-C8y:*-*:C1y+N1x+O5x-C8y+N5y+O1a N1x-N5y:*-O3a:C1y+C5x-C8y+C8y N1x-N5y:*-O3a:C1y+C5x-C8y+C8y,Ms1
M129T707,129.126892089844,707.123,806038.6875,C07288,128.1201,C8H16O,Sulcatol,[M+H]+,8,0,0,0.111111111111111,0.5,M127T196: C07287,C07287,RC00117,C1c-C5a:*-*:C1a+C1b+O1a-C1a+C1b+O5a,Ms1
M189T710,189.148345947266,709.538,264950.84375,C21139,170.1307,C10H18O2,(S)-3-Acetyloctanal,[M+H+H2O]+,4,0,0,0,0.5,M145T554: C21138,C21138,RC03367,C1b-C2b:*-*:C1c+C4a-C2b+C4a C1c-C2b:C5a-*:C1b+C1b-C1b+C2b,Ms1
M161T475,161.116760253906,475.091,401976.96875,C16651,160.1099,C8H16O3,3-Hydroxyvalproic acid,[M+H]+,6,0,0,0,0.5,M145T554: C07185,C07185,RC00773,C1b-C1c:*-O1a:C1b+C1c-C1b+C1c,Ms1
M143T475,143.106216430664,474.895,581137.3125,C16648,142.0994,C8H14O2,2-n-Propyl-4-pentenoic acid,[M+H]+,7,0,0,0,0.5,M145T554: C07185,C07185,RC02235,C1a-C2a:*-*:C1b-C2b C1b-C2b:*-*:C1a+C1b-C2a+C1b,Ms1
M433T792,433.329925537109,791.979,213889.5,C16494,432.324,C27H44O4,"3beta,5beta-Ketotriol",[M+H]+,4,0,0,0,0.5,M449T937: C16495,C16495,RC00773,C1b-C1c:*-O1a:C1b+C1c-C1b+C1c,Ms1
M334T518,334.164459228516,517.538,1631662.5,C11807,334.1681,C21H22N2O2,Vinorine,[M]+,11,0,0,0,0.5,M350T424: C01761,C01761,RC01592,C1x-C1y:*-O1a:C2y+N1y-C2y+N1y,Ms1
M502T369,502.217620849609,368.535,636865.9375,C21251,483.2064,C18H33N3O12,6'-Oxokanamycin X,[M+H+H2O]+,14,0,0,0,0.5,M485T425: C20614,C20614,RC00450,C1b-C4a:*-*:C1y+O1a-C1y+O4a,Ms1
M324T284,324.155029296875,284.215,208419.859375,C20353,324.1533,C12H24N2O8,2'-Deamino-2'-hydroxyparomamine,[M]+,5,0,0,0,0.5,M485T425: C20614,C20614,RC00049,O1a-O2a:*-C1y:C1y-C1y,Ms1
M160T282,160.096588134766,281.618,481252.625,C02636,160.0974,C7H14NO3,3-Dehydrocarnitine,[M]+,5,0,0,0,0.5,M161T362: C15025,C15025,RC00029,C1c-C5a:*-*:C1b+C1b+O1a-C1b+C1b+O5a,Ms1
M351T627,351.252471923828,626.736,834451.0625,C05476,350.2457,C21H34O4,Tetrahydrocorticosterone,[M+H]+,3,0,0,0,0.5,M349T518: C05478,C05478,RC00154,C1y-C5x:*-*:C1x+C1y+O1a-C1x+C1y+O5x,Ms1
M317T982,317.208343505859,982.222,468957.9375,C18016,316.2038,C20H28O3,"3beta-Hydroxy-9beta-pimara-7,15-diene-19,6beta-olide",[M+H]+,10,0,0,0,0.5,M315T948: C18015,C18015,RC00127,C1y-C5x:*-*:C1x+C1z+O1a-C1x+C1z+O5x,Ms1
M160T254,160.075485229492,253.964,293055.3125,C14789,159.0684,C10H9NO,N-Hydroxy-1-aminonaphthalene,[M+H]+,5,0,0,0,0.5,M144T363: C14790,C14790,RC01760,N1a-N1b:*-O1b:C8y-C8y,Ms1
M524T835,524.356384277344,834.795,245641,C15684,505.3403,C29H47NO6,Mycinamicin VIII,[M+H+H2O]+,4,0,0,0,0.5,M367T557: C15685,C15685,RC00049,O1a-O2a:*-C1y:C1y-C1y,Ms1
M161T387,161.080642700195,386.894,361591.1875,C03767,142.063,C7H10O3,4-Oxocyclohexanecarboxylate,[M+H+H2O]+,5,0,0,0,0.5,M144T363: C04404,C04404,RC00144,C1y-C5x:*-*:C1x+C1x+O1a-C1x+C1x+O5x,Ms1
M347T350,347.217254638672,349.576,369624.96875,C05488,346.2144,C21H30O4,11-Deoxycortisol,[M+H]+,14,0,0,0,0.5,M367T557: C05487,C05487,RC00146,C1x-C2x:*-*:C1x+C2y-C1x+C2y C2x-C1x:*-*:C2y+C5x-C2y+C1y C5x-C1y:*-*:C1x+C2x+O5x-C1x+C1x+O1a,Ms1
M427T487,427.196166992188,487.39,141255.296875,C15970,426.189,C21H30O9,Abscisic acid glucose ester,[M+H]+,2,0,0,0,0.5,M180T404: C00031,C00031,RC00055,O1a-O7a:*-C7a:C1y-C1y,Ms1
M505T243,505.177520751953,242.63,971642.5625,C06219,504.169,C18H32O16,Cellotriose,[M+H]+,1,0,0,0,0.5,M180T404: C00031,C00031,RC00049,O1a-O2a:*-C1y:C1y-C1y,Ms1
M363T208,363.154998779297,207.678,332256.40625,C05399,344.1319,C12H24O11,Melibiitol,[M+H+H2O]+,13,0,0,0,0.5,M180T404: C00124,C00124,RC00451,O1a-O2a:*-C1b:C1y-C1y,Ms1
M269T235,269.087890625,234.595,227638.203125,C00294,268.0808,C10H12N4O5,Inosine,[M+H]+,3,0.521564513024534,0.691849091114799,0.111111111111111,2.1049828546893E-13,M137T154: C00262,C00262,RC00063,N4x-N4y:*-C1y:C8x+C8y-C8x+C8y,Ms2
M182T191,182.081237792969,191.443,1420772.375,C00082,181.0739,C9H11NO3,L-Tyrosine,[M+H]+,3,0.999779472483219,0.858521604887174,0.5,6.57252030578093E-14,M182T175: C04368,C04368,RC00366,C1b-C1c:*-N1a:C1c+C6a-C1b+C6a C1c-C1b:N1a-*:C1b+C8y-C1c+C8y N1a-N1a:C1c+*-*+C1c:*-*,Ms2
M449T937,449.325561523438,936.719,327299.625,C16495,448.3189,C27H44O5,2-Deoxyecdysone,[M+H]+,3,0,0,0,0.5,M433T792: C16494,C16494,RC00773,C1b-C1c:*-O1a:C1b+C1c-C1b+C1c,Ms1
M431T963,431.310333251953,962.705,325837.6875,C17337,430.3083,C27H42O4,7alpha-Hydroxy-3-oxo-4-cholestenoate,[M+H]+,13,0,0,0,0.5,M433T792: C17335,C17335,RC01111,C1x-C2x:*-*:C1y+C2y-C1y+C2y C2x-C1x:*-*:C2y+C5x-C2y+C1y C5x-C1y:*-*:C1x+C2x+O5x-C1x+C1x+O1a,Ms1
M399T693,399.321258544922,693.357,537323.0625,C21304,398.3185,C27H42O2,(25S)-26-Oxocholest-4-en-3-one,[M+H]+,13,0,0,0,0.5,M433T792: C21076,C21076,RC00242,C4a-C6a:*-O6a:C1c+O4a-C1c+O6a,Ms1
M162T419,162.054672241211,419.249,335650.4375,C06159,162.0528,C6H10O5,2-Dehydro-3-deoxy-D-fuconate,[M]+,12,0,0,0.2,0.5,M180T404: C01680,C01680,RC00543,C1b-C1c:*-O1a:C1c+C5a-C1c+C1c C5a-C1c:*-*:C1b+C6a+O5a-C1c+C6a+O1a,Ms1
M164T460,164.070343017578,460.18,2263258.75,C00861,164.0685,C6H12O5,L-Rhamnulose,[M]+,11,0.996686973572122,0.992730249824467,0.8,6.55031584528842E-14,M164T478: C00507,C00507,RC00434,C1b-C1y:*-O2x:C5a+O1a-C1y+O1a C5a-C1y:*-*:C1b+C1c+O5a-C1y+C1y+O1a O1a-O2x:*-C1y:C1c-C1y,Ms2
M166T895,166.085830688477,895.228,502296.5625,C19872,166.0855,C7H10N4O,N-Formyl-4-amino-5-aminomethyl-2-methylpyrimidine,[M]+,2,0,0,0,0.5,M138T226: C20267,C20267,RC00197,N1a-N1b:*-C4a:C1b-C1b,Ms1
M277T537,277.104278564453,537.298,485759.8125,C20407,276.0998,C15H16O5,Pentalenolactone,[M+H]+,12,0,0,0,0.5,M297T413: C20397,C20397,RC03132,C1a-C1a:C1y+*-*+C1z:*-* C1y-C1x:C1a-*:C1y+C2y-C1y+C1z C2x-C1x:*-*:C1z+C2y-C1z+C1z C2y-C1z:*-C1a:C1a+C1y+C2x-C1a+C1x+C1x,Ms1
M410T851,410.325836181641,850.661,713165.8125,C20738,410.3185,C28H42O2,"6-Geranylgeranyl-2,3-dimethylbenzene-1,4-diol",[M]+,18,0.838529302296402,0.897388608907437,0.428571428571429,1.88293824976427E-13,M410T921: C14155,C14155,RC01911,C1x-C2b:*-*:C1x+C1z-C1b+C2c C1z-C2c:O2x-*:C1a+C1b+C1x-C1a+C1b+C2b O2x-O1a:C1z-*:C8y-C8y,Ms2
M329T852,329.004913330078,851.66,2812523.5,C01182,309.9855,C5H12O11P2,"D-Ribulose 1,5-bisphosphate",[M+H+H2O]+,3,0.993691661409232,0.997937649166456,0.666666666666667,5.12923037376822E-14,M329T836: C01151,C01151,RC01151,C1b-C1y:*-O2x:C5a+O2b-C1y+O2b C5a-C1y:*-*:C1b+C1c+O5a-C1y+C1y+O1a O1a-O2x:*-C1y:C1c-C1y,Ms2
M239T251,239.10237121582,251.353,400955.96875,C21640,239.1018,C9H13N5O3,6-(1'-Hydroxy-2'-oxopropyl)-tetrahydropterin,[M]+,2,0,0,0,0.5,M241T283: C00272,C00272,RC00525,C1c-C5a:*-*:C1a+C1c+O1a-C1a+C1c+O5a,Ms1
M212T185,212.053070068359,184.737,259261.453125,C01693,193.0375,C9H7NO4,L-Dopachrome,[M+H+H2O]+,13,0,0,0,0.5,M168T133: C05578,C05578,RC00972,C1x-C8x:*-*:C1y+C2y-C8x+C8y C1y-C8x:C6a-*:C1x+N1x-C8x+N4x C5x-C8y:*-*:C2x+C5x+O5x-C8x+C8y+O1a C5x-C8y:*-*:C2x+C5x+O5x-C8x+C8y+O1a,Ms1
M206T534,206.138397216797,534.479,498862.0625,C16561,206.1419,C12H18N2O,Monoethylglycinexylidide,[M]+,17,0,0,0,0.5,M104T88: C11735,C11735,RC00090,C5a-C6a:N1b+*-*+O6a:C1b+O5a-C1b+O6a,Ms1
M148T530,148.075424194336,529.653,921273.8125,C00522,148.0736,C6H12O4,(R)-Pantoate,[M]+,12,0,0,0,0.5,M220T285: C00864,C00864,RC00141,C5a-C6a:N1b+*-*+O6a:C1c+O5a-C1c+O6a,Ms1
M299T246,299.081909179688,246.482,371790.3125,C03492,299.077,C9H18NO8P,D-4'-Phosphopantothenate,[M]+,16,0,0,0,0.5,M220T285: C00864,C00864,RC00017,O1a-O2b:*-P1b:C1b-C1b,Ms1
M204T319,204.122940063477,318.972,769974.625,C08299,204.1263,C12H16N2O,Bufotenine,[M]+,16,0,0,0,0.5,M190T283: C06212,C06212,RC00181,N1b-N1c:*-C1a:C1a+C1b-C1a+C1b,Ms1
M325T481,325.161926269531,481.35,316595.40625,C01513,306.144,C13H18N6O3,Lupinate,[M+H+H2O]+,1,0,0,0,0.5,M220T285: C00371,C00371,RC00856,N4x-N4y:*-C1b:C8x+C8y-C8x+C8y,Ms1
M141T82,141.065536499023,81.9053,21994388,C20522,140.0586,C6H8N2O2,Dihydrourocanate,[M+H]+,6,0,0,0.166666666666667,0.5,M139T135: C00785,C00785,RC00669,C1b-C2b:*-*:C1b+C6a-C2b+C6a C1b-C2b:*-*:C1b+C8y-C2b+C8y,Ms1
M417T655,417.191040039063,654.565,473694.46875,C04303,398.1703,C19H22N6O4,N-Benzoyl-D-arginine-4-nitroanilide,[M+H+H2O]+,6,0,0,0,0.5,M139T135: C02126,C02126,RC00416,N1a-N1b:*-C5a:C8y-C8y,Ms1
M315T585,315.122283935547,585.261,537569.375,C00921,314.1127,C14H14N6O3,Dihydropteroate,[M+H]+,6,0,0,0,0.5,M137T138: C00568,C00568,RC00121,N1a-N1b:*-C1b:C8y-C8y,Ms1
M217T765,217.179656982422,764.956,444893.375,C21080,216.1725,C12H24O3,7-Hydroxydodecanoate,[M+H]+,3,0.86536252838265,0.873320248354504,0.25,9.68114477473137E-14,M219T440: C02679,C02679,RC00709,C1b-C1c:*-O1a:C1b+C1b-C1b+C1b,Ms2
M244T83,244.07878112793,83.0784,464108.84375,C11355,225.0637,C10H11NO5,4-Amino-4-deoxychorismate,[M+H+H2O]+,14,0,0,0,0.5,M137T138: C00568,C00568,RC01843,C1y-C8x:O2a-*:C1y+C2x-C8y+C8x C1y-C8y:*-*:C1y+C2x+N1a-C8x+C8x+N1a,Ms1
M214T428,214.047393798828,427.551,567695.9375,C04479,214.0477,C9H10O6,"2-Hydroxy-6-oxonona-2,4-diene-1,9-dioate",[M]+,1,0,0,0,0.5,M137T138: C00042,C00042,RC00752,C5a-C6a:C2b+*-*+O6a:C1b+O5a-C1b+O6a,Ms1
M206T299,206.044555664063,298.607,292619.5625,C04593,206.0427,C7H10O7,"(2S,3R)-3-Hydroxybutane-1,2,3-tricarboxylate",[M]+,9,0,0,0,0.5,M137T138: C00042,C00042,RC00287,C1b-C1c:*-C1d:C1b+C6a-C1b+C6a,Ms1
M124T132,124.0390625,131.646,4931614,C00253,123.032,C6H5NO2,Nicotinate,[M+H]+,6,0,0,0,0.5,M140T154: C01020,C01020,RC00589,C8x-C8y:*-O1a:C8x+N5x-C8x+N5x,Ms1
M239T732,239.126846313477,732.218,178407.109375,C01239,220.1059,C8H16N2O5,N-Acetyl-beta-D-glucosaminylamine,[M+H+H2O]+,11,0,0,0,0.5,M354T289: C04540,C04540,RC00166,N1a-N1b:*-C5a:C1y-C1y,Ms1
M154T155,154.071807861328,155.391,288492,C00147,135.0545,C5H5N5,Adenine,[M+H+H2O]+,7,1,0.691849091114799,0.2,1.34559030584569E-13,M137T154: C00262,C00262,RC00477,C8y-C8y:N1a+*-*+O5x:C8y+N5x-C8y+N4x N5x-N4x:*-*:C8x+C8y-C8x+C8y,Ms2
M409T716,409.29443359375,716.401,831943.9375,C00695,408.2876,C24H40O5,Cholic acid,[M+H]+,2,0,0,0,0.5,M407T737: C04643,C04643,RC00154,C1y-C5x:*-*:C1x+C1y+O1a-C1x+C1y+O5x,Ms1
M607T630,607.312927246094,630.396,149291.921875,C05795,588.2948,C33H40N4O6,D-Urobilin,[M+H+H2O]+,0,0.77604035703658,0.698532278167603,0.25,1.11688436277291E-13,M609T644: C05791,C05791,RC01983,C1b-C2b:*-*:C8y+C8y-C2y+C8y N4x-N2x:*-*:C8y+C8y-C2y+C2y,Ms2
M387T769,387.253356933594,768.798,273324.53125,C15569,386.2457,C24H34O4,"12alpha-Hydroxy-3-oxochola-4,6-dienoate",[M+H]+,0,0,0,0.333333333333333,0.5,M423T574: C15568,C15568,RC02072,C1x-C2x:*-*:C1y+C2y-C2x+C2y C1y-C2x:O1a-*:C1x+C1y-C2x+C1y,Ms1
M152T125,152.056213378906,124.548,2404969.75,C00049,133.0375,C4H7NO4,L-Aspartate,[M+H+H2O]+,2,0.993134209317564,0.948637777170267,0.428571428571429,6.3504757008559E-14,M152T239: C00402,C00402,RC00302,C1c-C1c:*-*:C1b+C6a+N1a-C1b+C6a+N1a,Ms2
M212T259,212.091369628906,258.773,271449.625,C20801,211.0845,C10H13NO4,3-Hydroxy-5-methyl-L-tyrosine,[M+H]+,5,0,0,0.111111111111111,0.5,M196T233: C20800,C20800,RC00046,C8x-C8y:*-O1a:C8x+C8y-C8x+C8y,Ms1
M485T425,485.227020263672,424.508,366940.8125,C20614,485.2221,C18H35N3O12,Kanamycin X,[M]+,10,0,0,0,0.5,M343T578: C20353,C20353,RC00049,O1a-O2a:*-C1y:C1y-C1y,Ms1
M148T73,148.059799194336,73.3609,3595857,C00979,147.0532,C5H9NO4,O-Acetyl-L-serine,[M+H]+,8,0,0,0,0.5,M105T461: C00065,C00065,RC00041,O1a-O7a:*-C7a:C1b-C1b,Ms1
M805T821,804.56494140625,821.353,656610.375,C20466,803.5465,C46H78NO8P,"2,3-Bis-O-(geranylgeranyl)-sn-glycero-1-phospho-L-serine",[M+H]+,13,0,0,0,0.5,M105T461: C00065,C00065,RC00017,O1a-O2b:*-P1b:C1b-C1b,Ms1
M105T1011,105.042175292969,1011.04,582571.8125,C00740,105.0426,C3H7NO3,D-Serine,[M]+,4,1,0.998297373767782,0.5,6.15063555642337E-14,M105T994: C00065,C00065,RC00302,C1c-C1c:*-*:C1b+C6a+N1a-C1b+C6a+N1a,Ms2
M351T826,351.213714599609,826.24,543302.125,C11905,332.1988,C20H28O4,Gibberellin A53 aldehyde,[M+H+H2O]+,10,0,0,0,0.5,M367T588: C06094,C06094,RC01453,C4a-C6a:*-O6a:C1y+O4a-C1y+O6a,Ms1
M411T565,411.106506347656,564.968,330524.03125,C12422,410.1002,C22H18O8,Methyl aklanonate,[M+H]+,4,0,0,0,0.5,M415T367: C12421,C12421,RC00460,O6a-O7a:*-C1a:C6a-C7a,Ms1
M233T85,233.113204956055,84.671,597857,C15767,232.1059,C9H16N2O5,4-(L-gamma-Glutamylamino)butanoate,[M+H]+,2,0,0,0.111111111111111,0.5,M104T88: C00334,C00334,RC00096,N1a-N1b:*-C5a:C1b-C1b,Ms1
M475T435,475.289459228516,435.328,651232.3125,C09248,475.2835,C29H37N3O3,Tubulosine,[M]+,13,0,0,0,0.5,M318T265: C11816,C11816,RC01072,C1y-C4a:C8y+N1x+*-*+*+O4a:C1b-C1b,Ms1
M466T510,466.290924072266,510.426,303373.6875,C09390,466.2832,C28H38N2O4,Cephaeline,[M]+,17,0.886416816347902,0.792061056054063,0.111111111111111,2.92210700081341E-13,M453T302: C21584,C21584,RC00392,O1a-O2a:*-C1a:C8y-C8y,Ms2
M478T786,478.314605712891,786.132,209789.109375,C11817,459.2886,C29H37N3O2,Deoxytubulosine,[M+H+H2O]+,16,0,0,0,0.5,M318T265: C11816,C11816,RC01072,C1y-C4a:C8y+N1x+*-*+*+O4a:C1b-C1b,Ms1
M453T302,453.281585693359,302.228,222003.421875,C21584,452.2675,C27H36N2O4,7'-O-Dmethylcephaeline,[M+H]+,14,0.792061056054063,0.886416816347902,0.111111111111111,2.38475905689484E-13,M466T510: C09390,C09390,RC00392,O1a-O2a:*-C1a:C8y-C8y,Ms2
M102T731,102.033638000488,731.016,1824757.25,C06002,102.0317,C4H6O3,(S)-Methylmalonate semialdehyde,[M]+,19,0,0,0,0.5,M104T88: C03284,C03284,RC00160,C1b-C4a:N1a+*-*+O4a:C1c-C1c,Ms1
M118T90,118.085914611816,90.1265,43961684,C00719,117.079,C5H11NO2,Betaine,[M+H]+,8,0,0,0,0.5,M104T667: C01026,C01026,RC00496,N1c-N1d:*-C1a:C1a+C1a+C1b-C1a+C1a+C1b,Ms1
M248T296,248.113784790039,296.173,471985.90625,C01594,247.1056,C10H17NO6,Linamarin,[M+H]+,1,0,0,0,0.5,M104T88: C02659,C02659,RC00262,O1a-O2a:*-C1y:C1d-C1d,Ms1
M225T368,225.086898803711,367.534,1357462.125,C05651,224.0797,C10H12N2O4,5-Hydroxykynurenine,[M+H]+,3,0,0,0,0.5,M224T266: C05652,C05652,RC00006,C1c-C5a:N1a+*-*+O5a:C1b+C6a-C1b+C6a,Ms1
M222T429,222.042831420898,428.96,348756.5,C21307,221.0324,C10H7NO5,"3,4-Dihydro-7-hydroxy-2-methylene-3-oxo-2H-1,4-benzoxazine-5-carboxylate",[M+H]+,12,0,0,0,0.5,M224T266: C21306,C21306,RC00490,C8x-C8y:*-O1a:C8x+C8x-C8x+C8x,Ms1
M127T228,127.050010681152,227.943,945190.9375,C00178,126.0429,C5H6N2O2,Thymine,[M+H]+,6,0,0,0,0.5,M243T267: C00214,C00214,RC00063,N4x-N4y:*-C1y:C8x+C8y-C8x+C8y,Ms1
M341T192,341.075317382813,192.03,217504.609375,C00364,322.0566,C10H15N2O8P,dTMP,[M+H+H2O]+,1,0,0,0,0.5,M243T267: C00214,C00214,RC00017,O1a-O2b:*-P1b:C1b-C1b,Ms1
M209T427,209.09196472168,426.94,275038.03125,C00328,208.0848,C10H12N2O3,L-Kynurenine,[M+H]+,3,0,0,0,0.5,M243T267: C03227,C03227,RC00046,C8x-C8y:*-O1a:C8x+C8y-C8x+C8y,Ms1
M229T228,229.081909179688,228.341,536706.6875,C00526,228.0746,C9H12N2O5,Deoxyuridine,[M+H]+,2,0,0,0.111111111111111,0.5,M245T201: C00299,C00299,RC00613,C1x-C1y:*-O1a:C1y+C1y-C1y+C1y,Ms1
M268T227,268.103759765625,226.935,918728.6875,C00212,267.0968,C10H13N5O4,Adenosine,[M+H]+,3,0,0,0,0.5,M265T267: C11500,C11500,RC00450,C1b-C4a:*-*:C1y+O1a-C1y+O4a,Ms1
M245T201,245.077194213867,200.591,161463.109375,C16635,245.0812,C9H12FN3O4,5'-Deoxy-5-fluorocytidine,[M]+,16,0,0,0,0.5,M265T267: C12739,C12739,RC00514,C8y-C8y:N1a+*-*+O5x:C8y+N5x-C8y+N4x N5x-N4x:*-*:C8y+C8y-C8y+C8y,Ms1
M405T978,405.299591064453,978.386,285798.03125,C20526,405.3032,C28H39NO,"10,11-Epoxy-3-geranylgeranylindole",[M]+,9,0,0,0,0.5,M408T88: C20525,C20525,RC03133,C1y-C2b:O2x-*:C1b+C1z-C1b+C2c C1z-C2c:O2x-*:C1a+C1b+C1y-C1a+C1b+C2b,Ms1
M196T233,196.096710205078,233.381,397224.875,C20800,195.0895,C10H13NO3,3-Methyl-L-tyrosine,[M+H]+,3,0.626523332284424,0.955356156347327,0.111111111111111,1.35225164399344E-13,M182T88: C00082,C00082,RC00332,C8x-C8y:*-C1a:C8x+C8y-C8x+C8y,Ms2
M182T175,182.081176757813,174.761,546077.25,C04368,181.0739,C9H11NO3,3-Amino-3-(4-hydroxyphenyl)propanoate,[M+H]+,3,0.931273634566237,0.932624020087498,0.5,6.63913368725844E-14,M182T224: C00082,C00082,RC00366,C1b-C1c:*-N1a:C1c+C6a-C1b+C6a C1c-C1b:N1a-*:C1b+C8y-C1c+C8y N1a-N1a:C1c+*-*+C1c:*-*,Ms2
M226T231,226.106994628906,230.974,251338.59375,C03519,207.0895,C11H13NO3,N-Acetyl-L-phenylalanine,[M+H+H2O]+,4,0,0,0,0.5,M166T270: C00079,C00079,RC00064,N1a-N1b:*-C5a:C1c-C1c,Ms1
M166T270,166.085632324219,270.258,64286672,C02265,165.079,C9H11NO2,D-Phenylalanine,[M+H]+,7,0.999994496090952,0.999994496090952,1,4.57411886145564E-14,M166T982: C00079,C00079,RC00302,C1c-C1c:*-*:C1b+C6a+N1a-C1b+C6a+N1a,Ms2
M138T226,138.091171264648,225.722,790244.875,C20267,138.0905,C6H10N4,4-Amino-5-aminomethyl-2-methylpyrimidine,[M]+,5,0,0,0,0.5,M166T270: C19872,C19872,RC00197,N1a-N1b:*-C4a:C1b-C1b,Ms1
M186T459,186.112640380859,459.139,359927.21875,C09089,186.1157,C12H14N2,Calligonine,[M]+,16,0,0,0,0.5,M160T282: C00398,C00398,RC01568,C8x-C8y:*-C1y:C8y+N4x-C8y+N4x N1a-N1x:*-C1y:C1b-C1x,Ms1
M140T154,140.034057617188,153.98,230677.703125,C01020,139.0269,C6H5NO3,6-Hydroxynicotinate,[M+H]+,5,0,0,0,0.5,M124T148: C00253,C00253,RC00589,C8x-C8y:*-O1a:C8x+N5x-C8x+N5x,Ms1
M195T692,195.064895629883,692.176,14048231,C00779,194.0579,C10H10O4,Scytalone,[M+H]+,4,1,1,1,4.06341627012807E-14,M195T858: C01173,C01173,RC00803,C1x-C8x:*-*:C1y+C5x-C8x+C8y C1x-C8x:*-*:C1y+C8y-C8x+C8y C1y-C8x:O1a-*:C1x+C1x-C8x+C8x C5x-C8y:*-*:C1x+C8y+O5x-C8x+C8y+O1a,Ms2
M273T508,273.169830322266,507.819,170629.546875,C20279,273.1689,C12H23N3O4,"(2R,3R)-3-Methylglutamyl-5-semialdehyde-N6-lysine",[M]+,3,0,0,0.125,0.5,M274T279: C16138,C16138,RC00694,C2x-C4a:N2x+*-*+O4a:C1x-C1b N2x-N1a:C2x-*:C1y-C1c,Ms1
M274T324,274.175964355469,323.589,2014856.375,C16138,255.1583,C12H21N3O3,L-Pyrrolysine,[M+H+H2O]+,3,0,0,0.142857142857143,0.5,M274T279: C20279,C20279,RC00694,C2x-C4a:N2x+*-*+O4a:C1x-C1b N2x-N1a:C2x-*:C1y-C1c,Ms1
M121T121,121.064636230469,120.691,775849,C00601,120.0575,C8H8O,Phenylacetaldehyde,[M+H]+,6,0.984412721360451,0.933246380610914,0.428571428571429,7.68274333040608E-14,M121T105: C20782,C20782,RC00758,C1b-C1y:*-O2x:C4a+C8y-C1x+C8y C4a-C1x:*-*:C1b+O4a-C1y+O2x O4a-O2x:*-C1y:C4a-C1x,Ms2
M164T478,164.070327758789,477.526,491146.8125,C20835,164.0685,C6H12O5,alpha-L-Fucopyranose,[M]+,11,0.992730249824467,0.996686973572122,0.8,6.52811138479592E-14,M164T460: C20836,C20836,RC00563,C1y-C1y:*-*:C1y+O1a+O2x-C1y+O1a+O2x,Ms2
M310T80,310.112823486328,79.7048,544449.0625,C00270,309.106,C11H19NO9,N-Acetylneuraminate,[M+H]+,3,0,0,0,0.5,M222T79: C00645,C00645,RC00159,C1y-C1y:C1x+*-*+O2x:C1y+O1a-C1y+O1a O1a-O2x:*-C1y:C1c-C1y O2x-O1a:C1z-*:C1y-C1y,Ms1
M168T133,168.065505981445,133.477,153675.6875,C00250,167.0582,C8H9NO3,Pyridoxal,[M+H]+,3,0,0,0,0.5,M166T75: C00971,C00971,RC00585,C4a-C7x:*-O7x:C8y+O4a-C8y+O6a O1a-O7x:*-C7x:C1b-C1x,Ms1
M166T286,166.086090087891,286.236,565373.4375,C02366,147.0684,C9H9NO,3-Methyloxindole,[M+H+H2O]+,4,0,0,0,0.5,M164T478: C02796,C02796,RC02668,C1a-C2a:*-*:C1y-C2y C1y-C2y:*-*:C1a+C5x+C8y-C2a+C5x+C8y,Ms1
M184T239,184.060348510742,238.827,411539.78125,C00847,183.0532,C8H9NO4,4-Pyridoxate,[M+H]+,4,0,0,0,0.5,M168T133: C00250,C00250,RC00075,C4a-C6a:*-O6a:C8y+O4a-C8y+O6a,Ms1
M610T34,610.181640625,33.9508,202059.875,C09755,610.1898,C28H34O15,Hesperidin,[M]+,13,0,0,0,0.5,M327T462: C08247,C08247,RC00714,O1a-O2a:*-C8y:C1y-C1y,Ms1
M295T339,295.128356933594,339.471,519613.875,C04732,276.107,C9H16N4O6,5-Amino-6-(1-D-ribitylamino)uracil,[M+H+H2O]+,10,0,0,0,0.5,M327T462: C04332,C04332,RC00960,N1a-N5x:*-C8y:C8y-C8y N1b-N4y:*-C8y:C1b+C8y-C1b+C8y N4x-N5x:*-*:C8y+C8y-C8y+C8y,Ms1
M377T391,377.145202636719,391.314,584425.5625,C00255,376.1383,C17H20N4O6,Riboflavin,[M+H]+,2,0,0,0,0.5,M327T462: C04332,C04332,RC00958,C1a-C8x:*-C8y:C8y-C8y C1a-C8x:*-C8y:C8y-C8y,Ms1
M343T260,343.131988525391,259.775,473203.0625,C20517,324.111,C18H16N2O4,Mycocyclosin,[M+H+H2O]+,8,0,0,0,0.5,M327T462: C20516,C20516,RC03125,C8x-C8y:*-C8y:C8x+C8y-C8x+C8y C8x-C8y:*-C8y:C8x+C8y-C8x+C8y,Ms1
M157T470,157.085571289063,470.448,670345.5,C13638,138.0681,C8H10O2,1-(4'-Hydroxyphenyl)ethanol,[M+H+H2O]+,6,0,0,0,0.5,M137T13: C10700,C10700,RC01377,C1c-C5a:*-*:C1a+C8y+O1a-C1a+C8y+O5a,Ms1
M353T782,353.2294921875,781.937,966042.6875,C01312,352.225,C20H32O5,Prostaglandin I2,[M+H]+,9,0.999983445274232,0.83441018797609,0.166666666666667,1.36335387423969E-13,M353T660: C00427,C00427,RC00673,C2b-C2y:*-O2x:C1b+C2b-C1x+C2b O2x-O1a:O2x-*:C1y-C1y O2x-O2x:O2x+*-*+C2y:C1y-C1y,Ms2
M211T1043,211.038970947266,1042.69,826522.1875,C02305,211.0358,C4H10N3O5P,Phosphocreatine,[M]+,15,0,0,0,0.5,M132T81: C00300,C00300,RC00203,N1a-N1b:*-P1b:C2c-C2c,Ms1
M227T78,227.124786376953,78.3151,1530460.125,C21385,226.1205,C12H18O4,trans-12-Hydroxyjasmonic acid,[M+H]+,16,0,0,0,0.5,M210T314: C08491,C08491,RC00797,C1a-C1b:*-O1a:C1b-C1b,Ms1
M511T998,511.233093261719,997.85,387093.5,C20045,511.2319,C27H33N3O7,Verruculogen,[M]+,2,0,0,0,0.5,M579T1014: C20564,C20564,RC00451,O1a-O2a:*-C1b:C1y-C1y,Ms1
M274T391,274.200927734375,390.696,168091.015625,C20278,274.2005,C12H26N4O3,"(2R,3R)-3-Methylornithinyl-N6-lysine",[M]+,2,0,0,0.166666666666667,0.5,M274T279: C20279,C20279,RC00062,C1b-C4a:N1a+*-*+O4a:C1b-C1b,Ms1
M112T84,112.050514221191,84.4847,742369.75,C00380,111.0433,C4H5N3O,Cytosine,[M+H]+,5,0,0,0.2,0.5,M244T124: C00475,C00475,RC00063,N4x-N4y:*-C1y:C8x+C8y-C8x+C8y,Ms1
M162T76,162.112350463867,75.71,1060062.875,C00487,162.113,C7H16NO3,Carnitine,[M]+,4,0.582472253886266,0.741169348557263,0.142857142857143,1.89404048001052E-13,M146T81: C01181,C01181,RC00709,C1b-C1c:*-O1a:C1b+C1b-C1b+C1b,Ms2
M161T60,161.029205322266,60.1555,1586739.625,C01044,161.0324,C5H7NO5,N-Formyl-L-aspartate,[M]+,20,0.963759045319979,0.924100090145056,0.111111111111111,2.72670774847938E-13,M152T125: C00049,C00049,RC00165,N1a-N1b:*-C4a:C1c-C1c,Ms2
M354T421,354.144836425781,420.849,239902.546875,C04540,335.1329,C12H21N3O8,N4-(Acetyl-beta-D-glucosaminyl)asparagine,[M+H+H2O]+,18,0,0,0,0.5,M239T732: C01239,C01239,RC00166,N1a-N1b:*-C5a:C1y-C1y,Ms1
M152T239,152.056518554688,239.024,348436.78125,C00402,133.0375,C4H7NO4,D-Aspartate,[M+H+H2O]+,4,0.948637777170267,0.993134209317564,0.428571428571429,6.97220059464598E-14,M152T125: C00049,C00049,RC00302,C1c-C1c:*-*:C1b+C6a+N1a-C1b+C6a+N1a,Ms2
M118T370,118.086059570313,369.95,447817.75,C00431,117.079,C5H11NO2,5-Aminopentanoate,[M+H]+,6,1,0.992739755076677,0.333333333333333,8.14903700074865E-14,M117T204: C00990,C00990,RC00010,C5a-C6a:N1a+*-*+O6a:C1b+O5a-C1b+O6a,Ms2
M284T232,284.098785400391,231.59,1574317.875,C00387,283.0917,C10H13N5O5,Guanosine,[M+H]+,3,0,0,0.2,0.5,M152T125: C00242,C00242,RC00063,N4x-N4y:*-C1y:C8x+C8y-C8x+C8y,Ms1
M210T118,210.060729980469,117.605,218975.484375,C14695,191.043,C6H9NO6,Nitrilotriacetic acid,[M+H+H2O]+,3,0,0,0,0.5,M152T125: C19911,C19911,RC01349,N1b-N1c:*-C1b:C1b+C1b-C1b+C1b,Ms1
M185T71,185.032333374023,70.9744,450094.28125,C04409,185.0324,C7H7NO5,2-Amino-3-carboxymuconate semialdehyde,[M]+,0,0,0,0,0.5,M154T282: C00632,C00632,RC00387,C4a-C8x:O4a+*-*+C8y:C2b-C8x C6a-C8y:O6a+*-*+C8x:C2c+O6a-C8y+O1a,Ms1
M290T310,290.170806884766,310.283,1279744.25,C01479,289.1678,C17H23NO3,Atropine,[M+H]+,17,0,0,0,0.5,M160T126: C00729,C00729,RC00055,O1a-O7a:*-C7a:C1y-C1y,Ms1
M158T400,158.117385864258,399.981,449381.5,C00783,139.0997,C8H13NO,Tropinone,[M+H+H2O]+,4,0,0,0,0.5,M160T126: C00729,C00729,RC00144,C1y-C5x:*-*:C1x+C1x+O1a-C1x+C1x+O5x,Ms1
M144T252,144.047592163086,252.169,2488116.75,C04294,143.0405,C6H9NOS,5-(2-Hydroxyethyl)-4-methylthiazole,[M+H]+,5,0,0,0,0.5,M223T15: C04327,C04327,RC00017,O1a-O2b:*-P1b:C1b-C1b,Ms1
M169T251,169.096939086914,250.968,448887.78125,C00534,168.0899,C8H12N2O2,Pyridoxamine,[M+H]+,5,0,0,0,0.5,M168T133: C00250,C00250,RC00048,C1b-C4a:N1a+*-*+O4a:C8y-C8y,Ms1
M134T470,134.059783935547,470.256,700708.0625,C12312,133.0528,C8H7NO,Indolin-2-one,[M+H]+,6,0,0,0,0.5,M168T133: C11130,C11130,RC02043,C1x-C1y:*-O1a:C5x+C8y-C5x+C8y,Ms1
M264T234,264.108520507813,234.207,284288.375,C05856,263.0967,C12H15N4OS,Thiamine aldehyde,[M+H]+,15,0,0,0,0.5,M265T81: C00378,C00378,RC00087,C1b-C4a:*-*:C1b+O1a-C1b+O4a,Ms1
M223T805,223.096420288086,805.461,391597.4375,C02778,223.0997,C15H13NO,2-Acetamidofluorene,[M]+,15,0,0,0,0.5,M239T482: C03954,C03954,RC00245,N1b-N1c:*-O1b:C5a+C8y-C5a+C8y,Ms1
M265T98,265.111724853516,97.8298,226120.34375,C17227,264.1031,C11H20O5S,3-(6'-Methylthio)hexylmalic acid,[M+H]+,3,0.998217938338555,0.999211290683376,0.75,4.72955008490317E-14,M265T81: C17226,C17226,RC00497,C1b-C1c:*-O1a:C1d+C6a-C1c+C6a C1d-C1c:O1a-*:C1b+C1b+C6a-C1b+C1c+C6a O1a-O1a:C1d+*-*+C1c:*-*,Ms2
M237T897,237.111831665039,896.625,473777,C12457,236.1049,C13H16O4,3-Dimethylallyl-4-hydroxymandelic acid,[M+H]+,4,0,0,0,0.5,M249T468: C12456,C12456,RC01471,C1b-C1c:*-O1a:C5a+C8y-C6a+C8y C5a-C6a:C6a+*-*+O6a:C1b+O5a-C1c+O6a,Ms1
M105T208,105.054550170898,207.891,171426,C21297,104.0473,C4H8O3,2-Hydroxy-2-methylpropanoate,[M+H]+,5,0,0,0,0.5,M89T1022: C21291,C21291,RC00873,C4a-C6a:*-O6a:C1d+O4a-C1d+O6a,Ms1
M389T319,389.202972412109,319.356,366515.5625,C21003,370.178,C22H26O5,"7-O-Geranyl-2-O,3-dimethylflaviolin",[M+H+H2O]+,17,0,0,0,0.5,M235T464: C21001,C21001,RC01372,O1a-O2a:*-C1b:C8y-C8y,Ms1
M89T1038,89.059524536133,1037.87,2865819.25,C01769,88.0524,C4H8O2,(S)-Acetoin,[M+H]+,8,1,1,1,4.70734562441066E-14,M89T1022: C00810,C00810,RC00813,C1c-C1c:*-*:C1a+C5a+O1a-C1a+C5a+O1a,Ms2
M362T334,362.191864013672,333.809,199169.109375,C21631,343.1784,C20H25NO4,(S)-Tetrahydropapaverine,[M+H+H2O]+,14,0,0,0,0.5,M348T317: C21630,C21630,RC00392,O1a-O2a:*-C1a:C8y-C8y,Ms1
M445T2,445.119323730469,2.1168,1654237.75,C20656,444.1158,C15H21N6O8P,(L-Prolyl)adenylate,[M+H]+,10,0,0,0,0.5,M116T566: C00148,C00148,RC00043,O6a-O7a:*-P1b:C6a-C7a,Ms1
M450T594,450.295684814453,593.941,180006.015625,C00908,449.2849,C19H39N5O7,Gentamicin C1a,[M+H]+,7,0,0,0,0.5,M491T1029: C03524,C03524,RC00166,N1a-N1b:*-C5a:C1y-C1y,Ms1
M299T996,299.257995605469,995.618,374647.84375,C19418,298.2508,C18H34O3,"cis-9,10-Epoxystearic acid",[M+H]+,2,0.859155092978862,0.560817782471601,0.125,1.51878509768721E-13,M317T908: C19622,C19622,RC01757,C1c-C1y:O1a+*-*+O2x:C1b+C1c-C1b+C1y O1a-O2x:*-C1y:C1c-C1y,Ms2
M282T937,282.278839111328,937.114,233951.78125,C19670,281.2719,C18H35NO,Oleamide,[M+H]+,3,0.800886724535681,0.748202078531146,0.111111111111111,1.40554234917545E-13,M283T1033: C00712,C00712,RC00010,C5a-C6a:N1a+*-*+O6a:C1b+O5a-C1b+O6a,Ms2
M148T105,148.132827758789,105.378,311906.53125,C02722,129.1154,C7H15NO,N-Methylhexanamide,[M+H+H2O]+,6,0,0,0,0.5,M117T1033: C01585,C01585,RC00090,C5a-C6a:N1b+*-*+O6a:C1b+O5a-C1b+O6a,Ms1
M89T1022,89.059577941895,1022.04,199972.796875,C00466,88.0524,C4H8O2,Acetoin,[M+H]+,7,0,0,0,0.5,M105T208: C00741,C00741,RC00205,C1c-C5a:*-*:C1a+C5a+O1a-C1a+C5a+O5a,Ms1
M132T81,132.076461791992,80.7283,1029379.1875,C00300,131.0695,C4H9N3O2,Creatine,[M+H]+,7,0,0,0,0.5,M211T1043: C02305,C02305,RC00203,N1a-N1b:*-P1b:C2c-C2c,Ms1
M117T1033,117.090782165527,1033.37,50113.66796875,C01585,116.0837,C6H12O2,Hexanoic acid,[M+H]+,6,0,0,0,0.5,M148T105: C02722,C02722,RC00090,C5a-C6a:N1b+*-*+O6a:C1b+O5a-C1b+O6a,Ms1
M235T464,235.059555053711,463.77,632322.3125,C07731,234.0528,C12H10O5,"2-Hydroxy-6-oxo-6-(2-hydroxyphenyl)-hexa-2,4-dienoate",[M+H]+,5,0,0,0,0.5,M115T258: C00596,C00596,RC00753,C2a-C2b:*-C5a:C2b-C2b,Ms1
M281T639,281.068969726563,638.759,392603.5,C16264,262.0477,C13H10O6,"2-Hydroxy-6-oxo-6-(2-carboxyphenyl)-hexa-2,4-dienoate",[M+H+H2O]+,10,0,0,0,0.5,M115T258: C00596,C00596,RC00753,C2a-C2b:*-C5a:C2b-C2b,Ms1
M159T152,159.027542114258,152.374,1764136.25,C03453,158.0215,C6H6O5,gamma-Oxalocrotonate,[M+H]+,11,0,0,0,0.5,M115T258: C00596,C00596,RC00751,C1b-C2b:*-*:C2b+C5a-C2b+C2c C2b-C2a:C6a-*:C2b-C2b C5a-C2c:*-*:C1b+C6a+O5a-C2b+C6a+O1a,Ms1
M335T897,335.218841552734,896.816,438949.875,C05953,334.2144,C20H30O4,Prostaglandin A2,[M+H]+,10,0.773708806430937,0.739099582664781,0.428571428571429,1.52322598978571E-13,M335T868: C05955,C05955,RC01177,C1x-C2x:*-*:C2x+C5x-C2x+C5x C2y-C1y:*-*:C1y+C2b+C2x-C1y+C2b+C2x,Ms2
M355T688,355.2451171875,687.538,411124.5,C00639,354.2406,C20H34O5,Prostaglandin F2alpha,[M+H]+,9,0,0,0,0.5,M353T735: C05960,C05960,RC00241,C1c-C5a:*-*:C1b+C2b+O1a-C1b+C2b+O5a,Ms1
M370T393,370.233062744141,392.932,408327.75,C05961,370.2355,C20H34O6,6-Keto-prostaglandin F1alpha,[M]+,7,0,0,0,0.5,M369T561: C05962,C05962,RC00154,C1y-C5x:*-*:C1x+C1y+O1a-C1x+C1y+O5x,Ms1
M383T707,383.325897216797,706.916,1418827.125,C05107,382.3236,C27H42O,7-Dehydrodesmosterol,[M+H]+,14,0,0,0,0.5,M403T955: C01164,C01164,RC00522,C1b-C2b:*-*:C1b+C1c-C1b+C2c C1c-C2c:*-*:C1a+C1a+C1b-C1a+C1a+C2b,Ms1
M350T480,350.206909179688,479.551,644698.75,C04707,350.2093,C20H30O5,"(5Z,13E)-11alpha-Hydroxy-9,15-dioxoprost-13-enoate",[M]+,7,0,0,0,0.5,M353T766: C00584,C00584,RC00241,C1c-C5a:*-*:C1b+C2b+O1a-C1b+C2b+O5a,Ms1
M341T502,341.090606689453,501.842,209656.171875,C02887,340.0794,C15H16O9,Sinapoyl malate,[M+H]+,10,0,0,0,0.5,M153T172: C00149,C00149,RC00037,O1a-O7a:*-C7a:C1c-C1c,Ms1
M153T189,153.040222167969,189.018,1800860.625,C21618,134.0215,C4H6O5,2-Dehydro-L-erythronate,[M+H+H2O]+,2,0.922097011709883,0.872191697585877,0.428571428571429,7.30526750203353E-14,M153T172: C21612,C21612,RC03487,C1c-C5a:*-*:C1b+C5a+O1a-C1b+C1c+O5a C5a-C1c:*-*:C1c+C6a+O5a-C5a+C6a+O1a,Ms2
M421T837,421.306121826172,837.392,375279.59375,C20529,421.2981,C28H39NO2,"14,15-Epoxyemindole SB",[M]+,19,0,0,0,0.5,M405T1004: C20527,C20527,RC00201,C1y-C2b:O2x-*:C1b+C1z-C1b+C2c C1z-C2c:O2x-*:C1a+C1a+C1y-C1a+C1a+C2b,Ms1
M389T955,389.304595947266,954.819,522674.5,C20525,389.3083,C28H39N,3-Geranylgeranylindole,[M]+,10,0,0,0,0.5,M405T1004: C20526,C20526,RC03133,C1y-C2b:O2x-*:C1b+C1z-C1b+C2c C1z-C2c:O2x-*:C1a+C1b+C1y-C1a+C1b+C2b,Ms1
M279T18,279.158813476563,18.0335,1631131.125,C03343,278.1518,C16H22O4,2-Ethylhexyl phthalate,[M+H]+,3,0,0,0.2,0.5,M391T900: C03690,C03690,RC00020,O6a-O7a:*-C1b:C6a-C7a,Ms1
M317T908,317.267822265625,907.513,345945.6875,C19622,316.2614,C18H36O4,"9,10-Dihydroxystearate",[M+H]+,4,0.560475504710826,0.934805911337064,0.142857142857143,1.56097357262297E-13,M299T979: C19418,C19418,RC01757,C1c-C1y:O1a+*-*+O2x:C1b+C1c-C1b+C1y O1a-O2x:*-C1y:C1c-C1y,Ms2
M297T846,297.241973876953,845.978,464685.0625,C14825,296.2351,C18H32O3,9(10)-EpOME,[M+H]+,3,0,0,0,0.5,M299T979: C01595,C01595,RC01711,C1y-C2b:O2x-*:C1b+C1y-C1b+C2b C1y-C2b:O2x-*:C1b+C1y-C1b+C2b,Ms1
M313T544,313.234527587891,543.976,340490.90625,C04717,312.2301,C18H32O4,"(9Z,11E)-(13S)-13-Hydroperoxyoctadeca-9,11-dienoic acid",[M+H]+,11,0,0,0,0.5,M299T979: C01595,C01595,RC00561,C1b-C2b:*-*:C2b+C2b-C2b+C2b C2b-C1c:*-O2a:C1b+C2b-C1b+C2b,Ms1
M332T586,332.148742675781,585.65,516567.375,C02717,313.1314,C18H19NO4,N-Feruloyltyramine,[M+H+H2O]+,3,0,0,0,0.5,M138T226: C00483,C00483,RC00096,N1a-N1b:*-C5a:C1b-C1b,Ms1
M267T261,267.133941650391,260.973,384520.3125,C20926,266.1267,C13H18N2O4,gamma-Glutamyltyramine,[M+H]+,2,0,0,0,0.5,M138T226: C00483,C00483,RC00096,N1a-N1b:*-C5a:C1b-C1b,Ms1
M122T313,122.096076965332,312.935,1235756,C11004,121.0891,C8H11N,"2,6-Dimethylaniline",[M+H]+,7,0,0,0,0.5,M138T226: C16570,C16570,RC00490,C8x-C8y:*-O1a:C8x+C8x-C8x+C8x,Ms1
M244T124,244.092254638672,124.349,2718892.75,C00120,244.0882,C10H16N2O3S,Biotin,[M]+,17,0,0,0,0.5,M261T371: C20386,C20386,RC03056,S2x-S2x:*-O3c:C1x+C1y-C1x+C1y,Ms1
M579T1014,579.292114257813,1013.86,376042.59375,C20564,579.2945,C32H41N3O7,Fumitremorgin A,[M]+,4,0,0,0,0.5,M511T998: C20045,C20045,RC00451,O1a-O2a:*-C1b:C1y-C1y,Ms1
M313T774,313.236175537109,773.844,706615.875,C04780,294.2195,C18H30O3,"8-[(1R,2R)-3-Oxo-2-{(Z)-pent-2-enyl}cyclopentyl]octanoate",[M+H+H2O]+,5,0,0,0,0.5,M293T1000: C01226,C01226,RC00921,C1x-C2x:*-*:C1x+C1y-C2x+C1y C1x-C2x:*-*:C1x+C5x-C2x+C5x,Ms1
M260T82,260.053192138672,82.2681,516842.5625,C00352,259.0457,C6H14NO8P,D-Glucosamine 6-phosphate,[M+H]+,1,0,0,0,0.5,M198T78: C00329,C00329,RC00017,O1a-O2b:*-P1b:C1b-C1b,Ms1
M265T267,265.079284667969,267.018,378539.59375,C11500,265.0811,C10H11N5O4,5'-Dehydroadenosine,[M]+,7,0,0,0,0.5,M268T227: C00212,C00212,RC00450,C1b-C4a:*-*:C1y+O1a-C1y+O4a,Ms1
M273T947,273.241577148438,946.925,395614.46875,C18218,272.2351,C16H32O3,16-Hydroxypalmitate,[M+H]+,5,0,0,0,0.5,M271T1000: C19614,C19614,RC00087,C1b-C4a:*-*:C1b+O1a-C1b+O4a,Ms1
M287T31,287.2216796875,31.0962,203708.65625,C19615,286.2144,C16H30O4,Hexadecanedioate,[M+H]+,2,0,0,0,0.5,M271T1000: C19614,C19614,RC00080,C4a-C6a:*-O6a:C1b+O4a-C1b+O6a,Ms1
M469T426,469.208618164063,425.724,172959.921875,C00353,450.1936,C20H36O7P2,Geranylgeranyl diphosphate,[M+H+H2O]+,7,0,0,0,0.5,M475T382: C05427,C05427,RC01823,C1b-C2b:*-*:C1b+C1c-C1b+C2c C1b-C2b:*-*:C1b+C1c-C1b+C2c C1b-C2b:*-*:C1b+C1c-C1b+C2c C1c-C2c:*-*:C1a+C1a+C1b-C1a+C1a+C2b C1c-C2c:*-*:C1a+C1b+C1b-C1a+C1b+C2b C1c-C2c:*-*:C1a+C1b+C1b-C1a+C1b+C2b,Ms1
M436T1006,436.342193603516,1006.18,521668.65625,C13309,436.3341,C30H44O2,"2-Phytyl-1,4-naphthoquinone",[M]+,19,0,0,0,0.5,M475T382: C05427,C05427,RC02936,C1b-C1b:C2y+*-*+O2b:C2b-C2b,Ms1
M403T955,403.356384277344,955.407,193262.234375,C15882,402.3498,C27H46O2,2-Methyl-6-phytylquinol,[M+H]+,3,0,0,0,0.5,M475T382: C05427,C05427,RC02895,C1b-C1b:C8y+*-*+O2b:C2b-C2b,Ms1
M486T689,486.305389404297,689.15,216840.015625,C20741,485.2989,C25H43NO8,Novamethymycin,[M+H]+,3,0,0,0,0.5,M453T1001: C11994,C11994,RC03213,C1b-C1c:*-O1a:C1a+C1y-C1a+C1y C1y-C1z:*-O1a:C1a+C1y+C2x-C1a+C1y+C2x,Ms1
M457T667,457.254669189453,667.241,247940.171875,C05427,456.2406,C20H42O7P2,Phytyl diphosphate,[M+H]+,14,0,0,0,0.5,M436T1006: C13309,C13309,RC02936,C1b-C1b:C2y+*-*+O2b:C2b-C2b,Ms1
M405T780,405.263000488281,779.52,783515.875,C15568,404.2563,C24H36O5,"7alpha,12alpha-Dihydroxy-3-oxochol-4-enoate",[M+H]+,3,0.950684989393752,0.985318623644169,0.4,6.75015598972095E-14,M405T705: C15569,C15569,RC02072,C1x-C2x:*-*:C1y+C2y-C2x+C2y C1y-C2x:O1a-*:C1x+C1y-C2x+C1y,Ms2
M339T906,339.250335693359,906.497,426829.59375,C04742,320.2351,C20H32O3,"(15S)-15-Hydroxy-5,8,11-cis-13-trans-eicosatetraenoate",[M+H+H2O]+,9,0,0,0,0.5,M319T1009: C04577,C04577,RC00241,C1c-C5a:*-*:C1b+C2b+O1a-C1b+C2b+O5a,Ms1
M228T135,228.097442626953,134.674,221820.171875,C00881,227.0906,C9H13N3O4,Deoxycytidine,[M+H]+,4,0,0,0,0.5,M229T228: C00526,C00526,RC00074,C8y-C8y:N1a+*-*+O5x:C8x+N5x-C8x+N4x N5x-N4x:*-*:C8y+C8y-C8y+C8y,Ms1
M210T314,210.123413085938,314.139,363443.4375,C08491,210.1256,C12H18O3,(-)-Jasmonic acid,[M]+,10,0,0,0,0.5,M227T78: C21385,C21385,RC00797,C1a-C1b:*-O1a:C1b-C1b,Ms1
M197T62,197.040557861328,61.946,910003.3125,C16394,197.0437,C7H7N3O4,"4-Amino-2,6-dinitrotoluene",[M]+,16,0,0,0,0.5,M183T383: C16403,C16403,RC00250,N1b-N2b:*-O3a:C8y+O1b-C8y+O3a,Ms1
M281T988,281.247650146484,987.892,312850.21875,C04056,280.2402,C18H32O2,Rumenic acid,[M+H]+,1,0.764576850169833,0.524462073636358,0.285714285714286,1.39666056497845E-13,M299T996: C01595,C01595,RC00968,C1b-C2b:*-*:C1b+C2b-C1b+C2b C2b-C1b:*-*:C2b+C2b-C2b+C2b,Ms2
M155T132,155.081314086914,132.255,250354.828125,C06557,155.0807,C5H9N5O,Deisopropylhydroxyatrazine,[M]+,4,0,0,0,0.5,M192T426: C06556,C06556,RC01420,C8y-C8y:O1a+*-*+X:N5x+N5x-N5x+N5x,Ms1
M259T497,259.201477050781,496.79,500848.0625,C20696,258.1984,C18H26O,13-Apo-beta-carotenone,[M+H]+,18,0,0,0,0.5,M377T661: C20695,C20695,RC01330,C2c-C5a:C2b+*-*+O5a:C1a+C2b-C1a+C2b,Ms1
M183T383,183.065093994141,383.28,296379.40625,C00811,164.0473,C9H8O3,4-Coumarate,[M+H+H2O]+,3,0.853044393616846,0.979970143092744,0.166666666666667,9.65894031423886E-14,M182T207: C00082,C00082,RC00361,C1b-C2b:*-*:C1c+C8y-C2b+C8y C1c-C2b:N1a-*:C1b+C6a-C2b+C6a,Ms2
M295T997,295.226470947266,996.611,1362242.75,C16300,276.2089,C18H28O2,Stearidonic acid,[M+H+H2O]+,3,0,0,0,0.5,M297T846: C06427,C06427,RC00917,C1b-C2b:*-*:C1b+C1b-C1b+C2b C1b-C2b:*-*:C1b+C1b-C1b+C2b,Ms1
M315T948,315.194396972656,947.931,204697.09375,C18015,314.1882,C20H26O3,Momilactone A,[M+H]+,5,0,0,0,0.5,M317T982: C18016,C18016,RC00127,C1y-C5x:*-*:C1x+C1z+O1a-C1x+C1z+O5x,Ms1
M416T796,416.314971923828,796.398,584162.4375,C19728,416.3079,C30H40O,all-trans-8'-Apo-beta-carotenal,[M]+,17,0,0,0,0.5,M259T497: C20696,C20696,RC01330,C2c-C5a:C2b+*-*+O5a:C1a+C2b-C1a+C2b,Ms1
M190T632,190.086074829102,631.818,346804.71875,C04546,190.0841,C8H14O5,(R)-3-((R)-3-Hydroxybutanoyloxy)butanoate,[M]+,10,0,0,0,0.5,M105T208: C01089,C01089,RC00037,O1a-O7a:*-C7a:C1c-C1c,Ms1
M233T293,233.149154663086,292.758,608877.875,C17233,233.145,C11H23NO2S,Hexahomomethionine,[M]+,18,0,0,0,0.5,M251T437: C17232,C17232,RC00006,C1c-C5a:N1a+*-*+O5a:C1b+C6a-C1b+C6a,Ms1
M491T1029,491.299255371094,1028.64,51879.58984375,C03524,491.2955,C21H41N5O8,N2'-Acetylgentamicin C1a,[M]+,8,0,0,0,0.5,M450T594: C00908,C00908,RC00166,N1a-N1b:*-C5a:C1y-C1y,Ms1
M297T357,297.180389404297,356.629,244672.265625,C19730,296.1776,C20H24O2,Crocetin dialdehyde,[M+H]+,17,0,0,0,0.5,M432T595: C20894,C20894,RC01690,C2b-C4a:C2b+*-*+O4a:C2c-C2c,Ms1
M318T375,318.202392578125,374.776,336448.8125,C11816,317.1991,C19H27NO3,Protoemetine,[M+H]+,14,0,0,0,0.5,M475T435: C09248,C09248,RC01072,C1y-C4a:C8y+N1x+*-*+*+O4a:C1b-C1b,Ms1
M333T669,333.242431640625,669.277,306168.0625,C06392,314.2246,C21H30O2,"16,17-Didehydropregnenolone",[M+H+H2O]+,2,0,0,0,0.5,M351T747: C06390,C06390,RC01093,C1y-C2x:O1a-*:C1x+C1y-C1x+C2y C1y-C2y:*-*:C1y+C1z+C5a-C2x+C1z+C5a,Ms1
M353T1012,353.265655517578,1012.45,380433.5625,C13713,334.2508,C21H34O3,Allotetrahydrodeoxycorticosterone,[M+H+H2O]+,10,0.812259493847353,0.940544571578134,0.111111111111111,1.66977542903624E-13,M351T699: C18040,C18040,RC00144,C1y-C5x:*-*:C1x+C1x+O1a-C1x+C1x+O5x,Ms2
M350T424,350.159545898438,424.317,516422.875,C01761,350.163,C21H22N2O3,Vomilenine,[M]+,10,0,0,0,0.5,M334T518: C11807,C11807,RC01592,C1x-C1y:*-O1a:C2y+N1y-C2y+N1y,Ms1
M361T314,361.207977294922,314.346,285108.03125,C01780,360.1937,C21H28O5,Aldosterone,[M+H]+,18,0,0,0,0.5,M349T518: C03205,C03205,RC02388,C1a-C4a:*-O4a:C1z-C1z C1x-C1y:*-O1a:C1x+C1y-C1x+C1y,Ms1
M349T570,349.237243652344,570.033,134972.875,C04108,330.2195,C21H30O3,20-Hydroxy-3-oxopregn-4-en-21-al,[M+H+H2O]+,2,0.903971568547134,0.885293096038774,1,4.37427871702312E-14,M349T518: C03205,C03205,RC01092,C1b-C4a:*-*:C5a+O1a-C1c+O4a C5a-C1c:*-*:C1b+C1y+O5a-C4a+C1y+O1a,Ms2
M593T411,593.325805664063,410.991,568219.25,C05790,592.3261,C33H44N4O6,I-Urobilinogen,[M+H]+,14,0,0,0,0.5,M591T607: C05794,C05794,RC01983,C1b-C2b:*-*:C8y+C8y-C2y+C8y N4x-N2x:*-*:C8y+C8y-C2y+C2y,Ms1
M347T738,347.257751464844,738.476,391064.59375,C11898,346.2508,C22H34O3,"Taxa-4(20),11(12)-dien-5alpha-acetoxy-10beta-ol",[M+H]+,3,0,0,0,0.5,M363T665: C20151,C20151,RC00661,C1x-C1y:*-O1a:C1x+C1y-C1x+C1y,Ms1
M427T672,427.246398925781,671.909,156712.25,C01192,408.2277,C19H37O7P,Palmitoylglycerone phosphate,[M+H+H2O]+,1,0,0,0,0.5,M429T629: C04036,C04036,RC00029,C1c-C5a:*-*:C1b+C1b+O1a-C1b+C1b+O5a,Ms1
M621T571,621.292724609375,571.252,144718.015625,C19705,602.2741,C33H38N4O7,Oxidized dinoflagellate luciferin,[M+H+H2O]+,0,0,0,0,0.5,M607T630: C19704,C19704,RC02570,C1x-C5x:*-O5x:C2y+C5x-C2y+C5x,Ms1
M480T779,480.313171386719,778.696,406200.53125,C02633,480.3087,C27H44O7,20-Hydroxyecdysone,[M]+,9,0,0,0,0.5,M496T631: C16500,C16500,RC01693,C1a-C1b:*-O1a:C1d-C1d,Ms1
M421T597,421.257720947266,597.367,691439.625,C20535,421.2617,C27H35NO3,beta-PC-M6,[M]+,9,0,0,0,0.5,M405T633: C20534,C20534,RC00524,C1x-C1y:*-O1a:C1y+C2x-C1y+C2x,Ms1
M435T659,435.273468017578,658.804,382422.46875,C20587,435.2773,C28H37NO3,Paspaline B,[M]+,9,0,0,0,0.5,M405T633: C20534,C20534,RC03239,C1x-C2x:*-*:C1x+C1z-C1x+C2y C1z-C2y:C4a-*:C1x+C1y+C1y-C2x+C1y+C1y,Ms1
M104T72,104.106758117676,72.1952,19981514,C00114,104.1075,C5H14NO,Choline,[M]+,7,0.861160287450605,0.741169348557263,0.2,1.50768286744096E-13,M146T81: C01996,C01996,RC00041,O1a-O7a:*-C7a:C1b-C1b,Ms2
M223T290,223.143951416016,289.781,2026816.125,C16572,222.1368,C12H18N2O2,3-Hydroxymonoethylglycinexylidide,[M+H]+,3,0,0,0,0.5,M206T534: C16561,C16561,RC00046,C8x-C8y:*-O1a:C8x+C8y-C8x+C8y,Ms1
M337T909,337.104248046875,909.113,257638.71875,C12398,318.0892,C20H14O4,8-O-Methyltetrangulol,[M+H+H2O]+,10,0,0,0,0.5,M353T539: C12400,C12400,RC00269,C1a-C1b:*-O1a:C8y-C8y,Ms1
M437T765,437.300354003906,765.337,215920.25,C20536,437.293,C28H39NO3,Terpendole E,[M]+,17,0,0,0,0.5,M422T668: C20530,C20530,RC01218,C1x-C1y:*-O1a:C1x+C1z-C1x+C1z,Ms1
M359T60,359.227294921875,60.3424,1135398.125,C10784,358.2144,C22H30O4,Cannabidiolic acid,[M+H]+,14,0,0,0,0.5,M333T669: C07578,C07578,RC00569,C8x-C8y:*-C6a:C8y+C8y-C8y+C8y,Ms1
M411T884,411.249847412109,884.299,944456.6875,C04036,410.2433,C19H39O7P,1-Palmitoylglycerol 3-phosphate,[M+H]+,3,0,0,0,0.5,M427T672: C01192,C01192,RC00029,C1c-C5a:*-*:C1b+C1b+O1a-C1b+C1b+O5a,Ms1
M303T611,303.049926757813,611.344,133992.625,C00389,302.0427,C15H10O7,Quercetin,[M+H]+,2,0,0,0.111111111111111,0.5,M287T683: C05903,C05903,RC00046,C8x-C8y:*-O1a:C8x+C8y-C8x+C8y,Ms1
M230T366,230.042053222656,366.347,646311.5625,C03090,229.0351,C5H12NO7P,5-Phosphoribosylamine,[M+H]+,4,0,0,0,0.5,M287T683: C03838,C03838,RC00166,N1a-N1b:*-C5a:C1y-C1y,Ms1
M260T453,260.148986816406,453.453,245281.9375,C20519,260.1525,C15H20N2O2,Cyclo(L-leucyl-L-phenylalanyl),[M]+,14,0,0,0,0.5,M275T76: C20520,C20520,RC03128,C1b-C2b:*-*:C1c+C1y-C1c+C2y C1b-C2b:*-*:C1y+C8y-C2y+C8y C1y-C2y:*-*:C1b+C5x+N1x-C2b+C5x+N1x C1y-C2y:*-*:C1b+C5x+N1x-C2b+C5x+N1x,Ms1
M219T288,219.195388793945,287.644,5207313,C02679,200.1776,C12H24O2,Dodecanoic acid,[M+H+H2O]+,3,0.815208698111158,0.781984039064589,0.666666666666667,7.21644966006352E-14,M217T305: C21080,C21080,RC00709,C1b-C1c:*-O1a:C1b+C1b-C1b+C1b,Ms2
M313T956,313.235046386719,956.031,611550.375,C14831,312.2301,C18H32O4,8(R)-HPODE,[M+H]+,9,0.972662323058189,0.97501508277464,0.666666666666667,7.01660951563099E-14,M313T544: C07354,C07354,RC01737,C1b-C1c:*-O1a:C1b+C1c-C1b+C1c O1a-O1a:O2a+*-*+C1c:*-* O2a-O1a:O1a-*:C1c-C1c,Ms2
M105T311,105.069786071777,310.885,397357.3125,C07083,104.0626,C8H8,Styrene,[M+H]+,6,0,0,0,0.5,M121T296: C20782,C20782,RC03238,C1x-C2a:O2x-*:C1y-C2b C1y-C2b:O2x-*:C1x+C8y-C2a+C8y,Ms1
M391T868,391.283447265625,868.411,9560411,C03690,390.277,C24H38O4,Bis(2-ethylhexyl)phthalate,[M+H]+,4,0,0,0,0.5,M279T339: C03343,C03343,RC00020,O6a-O7a:*-C1b:C6a-C7a,Ms1
M313T924,313.235931396484,923.745,315080.5,C19827,294.2195,C18H30O3,Colneleate,[M+H+H2O]+,6,0.99994781317651,0.99994781317651,1,4.39648317751562E-14,M313T824: C14827,C14827,RC02103,C1b-C2b:*-*:C1b+C1c-C1b+C2b C1c-C2b:C2b-*:C1b+O2a-C2b+O2a C2b-C2b:C1c+*-*+O2a:C2b-C2b O2a-O2a:O1a+*-*+C2b:C1c-C2b,Ms2
M293T1000,293.208251953125,1000.11,302926.09375,C01226,292.2038,C18H28O3,12-OPDA,[M+H]+,12,0,0,0,0.5,M313T576: C04780,C04780,RC00921,C1x-C2x:*-*:C1x+C1y-C2x+C1y C1x-C2x:*-*:C1x+C5x-C2x+C5x,Ms1
M271T1000,271.226654052734,1000.5,302214.59375,C19614,270.2195,C16H30O3,16-Oxopalmitate,[M+H]+,2,0,0,0.111111111111111,0.5,M291T7: C18218,C18218,RC00087,C1b-C4a:*-*:C1b+O1a-C1b+O4a,Ms1
M289T727,289.236968994141,726.566,315907.03125,C08285,288.2301,C16H32O4,"10,16-Dihydroxyhexadecanoic acid",[M+H]+,3,0,0,0,0.5,M291T7: C18218,C18218,RC00709,C1b-C1c:*-O1a:C1b+C1b-C1b+C1b,Ms1
M132T729,132.101684570313,728.596,763181.625,C02378,131.0946,C6H13NO2,6-Aminohexanoate,[M+H]+,6,1,1,1,4.2854608750531E-14,M132T366: C06593,C06593,RC00931,C5x-C6a:N1x+*-*+O6a:C1x+O5x-C1b+O6a N1x-N1a:C5x-*:C1x-C1b,Ms2
M148T156,148.096618652344,156.22,320334.25,C20802,147.0895,C6H13NO3,(4S)-4-Hydroxy-L-isoleucine,[M+H]+,5,0,0,0,0.5,M132T10: C00407,C00407,RC03258,C1b-C1c:*-O1a:C1a+C1c-C1a+C1c,Ms1
M134T160,134.0810546875,160.276,200396.421875,C20313,133.0739,C5H11NO3,N-Hydroxy-L-valine,[M+H]+,5,0,0,0,0.5,M118T75: C00183,C00183,RC00365,N1a-N1b:*-O1b:C1c-C1c,Ms1
M117T204,117.101974487305,204.065,238563.921875,C00990,116.095,C5H12N2O,5-Aminopentanamide,[M+H]+,7,0.996204251197594,0.996204251197594,1,4.61852778244065E-14,M118T172: C00431,C00431,RC00010,C5a-C6a:N1a+*-*+O6a:C1b+O5a-C1b+O6a,Ms2
M243T267,243.097213745117,266.628,917420.8125,C00214,242.0903,C10H14N2O5,Thymidine,[M+H]+,4,0,0,0,0.5,M341T192: C00364,C00364,RC00017,O1a-O2b:*-P1b:C1b-C1b,Ms1
M112T275,112.028030395508,275.372,869125.3125,C00106,112.0273,C4H4N2O2,Uracil,[M]+,7,0,0,0,0.5,M245T201: C00299,C00299,RC00063,N4x-N4y:*-C1y:C8x+C8y-C8x+C8y,Ms1
M223T123,223.063598632813,122.513,160574.890625,C17215,222.0562,C8H14O5S,3-(3'-Methylthio)propylmalic acid,[M+H]+,2,0,0,0,0.5,M195T1: C17216,C17216,RC00114,C1b-C1c:*-C6a:C1b+C5a-C1b+C1c C5a-C1c:*-*:C1b+C6a+O5a-C1c+C6a+O1a,Ms1
M158T690,158.035781860352,690.367,287534.34375,C00337,158.0328,C5H6N2O4,(S)-Dihydroorotate,[M]+,19,0,0,0,0.5,M195T18: C00438,C00438,RC00632,C5x-C6a:N1x+*-*+O6a:C1x+O5x-C1b+O6a N1x-N1a:C5x-*:C5x-C5a,Ms1
M375T313,375.186737060547,313.325,319044.5625,C21070,375.1794,C19H25N3O5,(4-{4-[2-(gamma-L-Glutamylamino)ethyl]phenoxymethyl}furan-2-yl)methanamine,[M]+,20,0,0,0,0.5,M267T261: C20926,C20926,RC01372,O1a-O2a:*-C1b:C8y-C8y,Ms1
M166T982,166.086120605469,982.036,556897.6875,C00079,165.079,C9H11NO2,L-Phenylalanine,[M+H]+,4,0.999994496090952,0.999994496090952,1,4.06341627012807E-14,M166T270: C02265,C02265,RC00302,C1c-C1c:*-*:C1b+C6a+N1a-C1b+C6a+N1a,Ms2
M121T170,121.064514160156,169.651,717068.625,C02083,120.0575,C8H8O,Styrene oxide,[M+H]+,7,0.943966175533608,0.921698417218553,0.428571428571429,8.5043083686287E-14,M121T153: C00601,C00601,RC00758,C1b-C1y:*-O2x:C4a+C8y-C1x+C8y C4a-C1x:*-*:C1b+O4a-C1y+O2x O4a-O2x:*-C1y:C4a-C1x,Ms2
M146T487,146.059829711914,487.009,191624.359375,C06006,146.0579,C6H10O4,(S)-2-Aceto-2-hydroxybutanoate,[M]+,13,0.89032126048717,0.970723113015323,0.4,1.25455201782643E-13,M146T467: C14463,C14463,RC01726,C1b-C1b:C1d+*-*+C1d:C1a-C1a C1d-C5a:C1b-*:C1a+C5a+O1a-C1a+C1d+O5a C5a-C1d:*-C1b:C1d+C6a+O5a-C5a+C6a+O1a,Ms2
M422T668,422.299957275391,668.464,136713.21875,C20530,421.2981,C28H39NO2,Paspaline,[M+H]+,14,0,0,0,0.5,M435T659: C20587,C20587,RC03242,C1a-C4a:*-O4a:C1z-C1z,Ms1
M208T366,208.060241699219,365.961,3778634.75,C05835,207.0532,C10H9NO4,2-Formaminobenzoylacetate,[M+H]+,4,0,0,0,0.5,M194T435: C00954,C00954,RC00356,C4a-C8x:O4a+*-*+C8y:N1b-N4x C5a-C8y:O5a+*-*+C8x:C1b+C8y-C1b+C8y,Ms1
M322T417,322.176208496094,417.041,144566.46875,C04211,303.1583,C16H21N3O3,N(6)-[(Indol-3-yl)acetyl]-L-lysine,[M+H+H2O]+,1,0,0,0,0.5,M194T435: C00954,C00954,RC00090,C5a-C6a:N1b+*-*+O6a:C1b+O5a-C1b+O6a,Ms1
M209T239,209.128128051758,239.215,260920.46875,C06212,190.1106,C11H14N2O,N-Methylserotonin,[M+H+H2O]+,4,0,0,0,0.5,M204T319: C08299,C08299,RC00181,N1b-N1c:*-C1a:C1a+C1b-C1a+C1b,Ms1
M180T387,180.101455688477,387.088,285151.65625,C17235,179.0946,C10H13NO2,L-Homophenylalanine,[M+H]+,5,0,0,0,0.5,M197T470: C20327,C20327,RC00006,C1c-C5a:N1a+*-*+O5a:C1b+C6a-C1b+C6a,Ms1
M304T657,304.153991699219,657.213,527378.6875,C06348,285.1365,C17H19NO3,"(R,S)-Coclaurine",[M+H+H2O]+,3,0,0,0,0.5,M290T84: C06346,C06346,RC00392,O1a-O2a:*-C1a:C8y-C8y,Ms1
M208T385,208.117813110352,385.295,2313474.75,C06326,189.1001,C8H15NO4,(2S)-2-{[1-(R)-Carboxyethyl]amino}pentanoate,[M+H+H2O]+,3,0,0,0,0.5,M118T122: C01826,C01826,RC00283,N1a-N1b:*-C1c:C1c-C1c,Ms1
M189T85,189.123352050781,85.2944,2683268.25,C21604,188.1161,C8H16N2O3,(3S)-6-Acetamido-3-aminohexanoate,[M+H]+,3,0,0,0.166666666666667,0.5,M147T65: C01142,C01142,RC00096,N1a-N1b:*-C5a:C1b-C1b,Ms1
M251T437,251.124954223633,437.14,1172520.125,C03415,232.1059,C9H16N2O5,N2-Succinyl-L-ornithine,[M+H+H2O]+,3,0,0,0,0.5,M275T76: C03296,C03296,RC00024,N1a-N1b:*-C2c:C1b-C1b,Ms1
M130T275,130.064971923828,275.172,1026033.625,C00671,130.063,C6H10O3,(S)-3-Methyl-2-oxopentanoic acid,[M]+,15,0,0,0,0.5,M132T334: C00407,C00407,RC00036,C1c-C5a:N1a+*-*+O5a:C1c+C6a-C1c+C6a,Ms1
M137T154,137.045547485352,153.6,10828399,C00262,136.0385,C5H4N4O,Hypoxanthine,[M+H]+,6,0.691849091114799,1,0.2,1.24344978758018E-13,M154T155: C00147,C00147,RC00477,C8y-C8y:N1a+*-*+O5x:C8y+N5x-C8y+N4x N5x-N4x:*-*:C8x+C8y-C8x+C8y,Ms2
M319T1026,319.225036621094,1025.52,99487.796875,C00909,318.2195,C20H30O3,Leukotriene A4,[M+H]+,7,0,0,0,0.5,M337T845: C05356,C05356,RC00839,C1b-C2b:*-*:C2b+C2b-C2b+C2b C2b-C1y:*-O2x:C1c+C2b-C1y+C2b O2a-O2x:O1a+*-*+C1y:C1c-C1y,Ms1
M405T1004,405.299774169922,1003.55,1118725.5,C20527,405.3032,C28H39NO,Emindole SB,[M]+,8,0,0,0,0.5,M421T837: C20529,C20529,RC00201,C1y-C2b:O2x-*:C1b+C1z-C1b+C2c C1z-C2c:O2x-*:C1a+C1a+C1y-C1a+C1a+C2b,Ms1
M591T665,591.315856933594,664.832,251885.765625,C05791,590.3104,C33H42N4O6,D-Urobilinogen,[M+H]+,4,0,0,0,0.5,M607T630: C05795,C05795,RC01983,C1b-C2b:*-*:C8y+C8y-C2y+C8y N4x-N2x:*-*:C8y+C8y-C2y+C2y,Ms1
M329T836,329.004791259766,835.617,907245,C01151,309.9855,C5H12O11P2,"D-Ribose 1,5-bisphosphate",[M+H+H2O]+,3,0.997937649166456,0.993691661409232,0.666666666666667,5.04041253179821E-14,M329T852: C01182,C01182,RC01151,C1b-C1y:*-O2x:C5a+O2b-C1y+O2b C5a-C1y:*-*:C1b+C1c+O5a-C1y+C1y+O1a O1a-O2x:*-C1y:C1c-C1y,Ms2
M156T350,156.101425170898,350.197,877908.5,C00483,137.0841,C8H11NO,Tyramine,[M+H+H2O]+,7,0.557540636463385,0.702211574523231,0.111111111111111,2.63566946046012E-13,M137T13: C03765,C03765,RC00062,C1b-C4a:N1a+*-*+O4a:C1b-C1b,Ms2
M315T847,315.25244140625,846.788,619715.0625,C14828,314.2457,C18H34O4,"9,10-DHOME",[M+H]+,3,0,0,0,0.5,M297T846: C14825,C14825,RC01757,C1c-C1y:O1a+*-*+O2x:C1b+C1c-C1b+C1y O1a-O2x:*-C1y:C1c-C1y,Ms1
M226T320,226.104858398438,320.369,298757.375,C05620,207.0895,C11H13NO3,N-Acetyl-D-phenylalanine,[M+H+H2O]+,13,0,0,0,0.5,M166T1000: C02265,C02265,RC00064,N1a-N1b:*-C5a:C1c-C1c,Ms1
M154T282,154.049621582031,281.813,256476.234375,C12107,153.0426,C7H7NO3,3-Amino-5-hydroxybenzoate,[M+H]+,5,0,0,0,0.5,M190T159: C12108,C12108,RC02678,C1x-C8x:*-*:C1y+C2y-C8y+C8y C1y-C8x:O1a-*:C1y+C5x-C8y+C8y C1y-C8y:*-*:C1x+C1y+N1a-C8x+C8x+N1a C5x-C8y:*-*:C1y+C2x+O5x-C8x+C8x+O1a,Ms1
M206T790,206.18994140625,789.768,268809.8125,C00612,187.1685,C9H21N3O,N1-Acetylspermidine,[M+H+H2O]+,15,0,0,0,0.5,M116T604: C18170,C18170,RC00225,C1b-C4a:N1b+*-*+O4a:C1b-C1b,Ms1
M215T249,215.138641357422,249.104,189036.84375,C01909,214.1317,C10H18N2O3,Dethiobiotin,[M+H]+,4,0,0,0,0.5,M244T124: C00120,C00120,RC00441,C1a-C1x:*-S2x:C1y-C1y C1b-C1y:*-S2x:C1b+C1y-C1b+C1y,Ms1
M132T460,132.101593017578,460.379,1541790.875,C00407,131.0946,C6H13NO2,L-Isoleucine,[M+H]+,6,1,1,1,4.39648317751562E-14,M132T26: C21092,C21092,RC03345,C1c-C1c:*-*:C1c+C6a+N1a-C1c+C6a+N1a,Ms2
M193T406,193.122116088867,406.195,337368.71875,C00437,174.1004,C7H14N2O3,N-Acetylornithine,[M+H+H2O]+,17,0,0,0,0.5,M174T86: C01250,C01250,RC00062,C1b-C4a:N1a+*-*+O4a:C1b-C1b,Ms1
M132T256,132.101608276367,255.784,2031356.625,C01933,131.0946,C6H13NO2,L-Norleucine,[M+H]+,6,0,0,0,0.5,M130T260: C00902,C00902,RC00006,C1c-C5a:N1a+*-*+O5a:C1b+C6a-C1b+C6a,Ms1
M102T431,102.033767700195,431.17,1754125.375,C00349,102.0317,C4H6O3,2-Methyl-3-oxopropanoate,[M]+,20,0,0,0,0.5,M104T909: C01205,C01205,RC00160,C1b-C4a:N1a+*-*+O4a:C1c-C1c,Ms1
M353T660,353.229400634766,659.807,629501.3125,C00427,352.225,C20H32O5,Prostaglandin H2,[M+H]+,10,0.883415653957009,0.918110995078087,0.25,1.30340183090993E-13,M353T766: C01312,C01312,RC00673,C2b-C2y:*-O2x:C1b+C2b-C1x+C2b O2x-O1a:O2x-*:C1y-C1y O2x-O2x:O2x+*-*+C2y:C1y-C1y,Ms2
M137T121,137.059616088867,121.084,234702.328125,C07054,137.0589,C6H7N3O,Isoniazid,[M]+,5,0,0,0,0.5,M124T164: C07446,C07446,RC00162,C5a-C6a:N1b+*-*+O6a:C8y+O5a-C8y+O6a,Ms1
M355T730,355.244812011719,729.992,642365.625,C05959,354.2406,C20H34O5,11-epi-Prostaglandin F2alpha,[M+H]+,10,0,0,0,0.5,M353T766: C00696,C00696,RC00154,C1y-C5x:*-*:C1x+C1y+O1a-C1x+C1y+O5x,Ms1
M242T61,241.999313354492,60.734,904470.75,C15650,242.0014,C6H11O6PS,"2,3-Diketo-5-methylthiopentyl-1-phosphate",[M]+,9,0,0,0,0.5,M242T63: C15651,C15651,RC02421,C1b-C2b:*-*:C5a+O2b-C2c+O2b C5a-C2c:*-*:C1b+C5a+O5a-C2b+C5a+O1a,Ms1
M297T876,297.241912841797,875.711,996356.75,C14762,296.2351,C18H32O3,13(S)-HODE,[M+H]+,3,0,0,0,0.5,M313T774: C14765,C14765,RC00241,C1c-C5a:*-*:C1b+C2b+O1a-C1b+C2b+O5a,Ms1
M385T473,385.219421386719,472.67,346421.375,C04578,384.2049,C22H28N2O4,"16-Methoxy-2,3-dihydro-3-hydroxytabersonine",[M+H]+,17,0,0,0,0.5,M382T394: C21678,C21678,RC03499,C1y-C2y:*-*:C1z+C1z+N1x-C1z+C1z+N2x N1x-N2x:*-*:C1y+C8y-C2y+C8y,Ms1
M223T831,223.096466064453,831.137,382654.5625,C17224,204.082,C9H16O3S,2-Oxo-8-methylthiooctanoic acid,[M+H+H2O]+,18,0,0,0,0.5,M265T81: C17226,C17226,RC00067,C1d-C5a:C1b-*:C1b+C6a+O1a-C1b+C6a+O5a,Ms1
M517T903,517.303161621094,902.873,274142.375,C11991,516.2934,C26H44O10,L-Olivosyl-oleandolide,[M+H]+,4,0,0,0,0.5,M386T336: C11990,C11990,RC00049,O1a-O2a:*-C1y:C1y-C1y,Ms1
M211T501,211.09635925293,501.458,623146.75,C02325,210.0892,C11H14O4,Sinapyl alcohol,[M+H]+,3,0,0,0,0.5,M197T470: C12205,C12205,RC00392,O1a-O2a:*-C1a:C8y-C8y,Ms1
M235T480,235.059722900391,479.961,490911.5,C21001,234.0528,C12H10O5,"2-O,3-Dimethylflaviolin",[M+H]+,4,0,0,0,0.5,M389T319: C21003,C21003,RC01372,O1a-O2a:*-C1b:C8y-C8y,Ms1
M416T852,416.315399169922,851.851,808894.875,C19839,416.3079,C30H40O,"4,4'-Diaponeurosporen-4-al",[M]+,18,0,0,0,0.5,M432T846: C16146,C16146,RC00254,C4a-C6a:*-O6a:C2c+O4a-C2c+O6a,Ms1
M337T876,337.234771728516,876.12,591935.3125,C14781,336.2301,C20H32O4,"15H-11,12-EETA",[M+H]+,9,0.845604901278843,0.943819743421423,0.111111111111111,1.53210777398272E-13,M337T845: C05966,C05966,RC01725,C1y-C2b:O2x-*:C1b+C1y-C1b+C2b C1y-C2b:O2x-*:C1y+C2b-C2b+C2b O1a-O2a:*-O1a:C1c-C1c O2x-O1a:C1y+C1y+*-*+*+O2a:*-*,Ms2
M224T309,224.089416503906,309.281,524490.125,C05660,205.0739,C11H11NO3,5-Methoxyindoleacetate,[M+H+H2O]+,13,0,0,0,0.5,M192T426: C05635,C05635,RC00392,O1a-O2a:*-C1a:C8y-C8y,Ms1
M223T326,223.107269287109,325.998,2267706.5,C00078,204.0899,C11H12N2O2,L-Tryptophan,[M+H+H2O]+,5,0.563830286579125,0.992219664168179,0.2,1.36557432028894E-13,M237T331: C02983,C02983,RC00190,N1a-N1b:*-C1a:C1c-C1c,Ms2
M367T613,367.209381103516,612.568,213496.09375,C06094,348.1937,C20H28O5,Gibberellin A53,[M+H+H2O]+,7,0,0,0,0.5,M351T826: C11905,C11905,RC01453,C4a-C6a:*-O6a:C1y+O4a-C1y+O6a,Ms1
M313T972,313.234649658203,971.891,580576.875,C14827,312.2301,C18H32O4,9(S)-HPODE,[M+H]+,10,0.884027453816503,0.94397302076497,0.25,1.32116539930394E-13,M313T940: C19827,C19827,RC02103,C1b-C2b:*-*:C1b+C1c-C1b+C2b C1c-C2b:C2b-*:C1b+O2a-C2b+O2a C2b-C2b:C1c+*-*+O2a:C2b-C2b O2a-O2a:O1a+*-*+C2b:C1c-C2b,Ms2
M253T57,253.076477050781,56.9578,485175.71875,C05926,253.0811,C9H11N5O4,Neopterin,[M]+,18,0,0,0,0.5,M255T83: C04874,C04874,RC00158,C1x-C8x:*-*:C2y+N1x-C8y+N5x N1x-N5x:*-*:C1x+C8y-C8x+C8y,Ms1
M127T196,127.111595153809,195.728,163336.609375,C07287,126.1045,C8H14O,Sulcatone,[M+H]+,6,0,0,0,0.5,M147T554: C07288,C07288,RC00117,C1c-C5a:*-*:C1a+C1b+O1a-C1a+C1b+O5a,Ms1
M297T1008,297.242218017578,1007.58,342406.0625,C19617,296.2351,C18H32O3,18-Oxooleate,[M+H]+,2,0,0,0,0.5,M299T996: C19616,C19616,RC00087,C1b-C4a:*-*:C1b+O1a-C1b+O4a,Ms1
M337T963,337.234558105469,963.323,623189.6875,C14813,336.2301,C20H32O4,"11H-14,15-EETA",[M+H]+,10,0.78714018428926,0.830015421067435,0.111111111111111,1.99174010617753E-13,M337T876: C05966,C05966,RC01723,C1c-C2b:O1a-*:C1b+C2b-C1b+C2b C1y-C2b:O2x-*:C1y+C2b-C1c+C2b O1a-O1a:C1c+*-*+O2a:*-* O2x-O2a:C1y+*-*+O1a:C1y-C1c,Ms2
M251T666,251.124954223633,665.652,708947.3125,C21015,232.1059,C9H16N2O5,gamma-L-Glutamyl-L-2-aminobutyrate,[M+H+H2O]+,3,0,0,0,0.5,M104T124: C02356,C02356,RC00064,N1a-N1b:*-C5a:C1c-C1c,Ms1
M174T446,174.112640380859,446.049,247064.765625,C00062,174.1117,C6H14N4O2,L-Arginine,[M]+,5,0.932331263813452,0.93535360254591,1,4.72955008490317E-14,M174T429: C00792,C00792,RC00302,C1c-C1c:*-*:C1b+C6a+N1a-C1b+C6a+N1a,Ms2
M130T291,130.06494140625,291.186,1136963.625,C00233,130.063,C6H10O3,4-Methyl-2-oxopentanoate,[M]+,15,0,0,0,0.5,M132T366: C00123,C00123,RC00006,C1c-C5a:N1a+*-*+O5a:C1b+C6a-C1b+C6a,Ms1
M349T1006,349.234832763672,1006.37,525621.6875,C05478,348.2301,C21H32O4,"3alpha,21-Dihydroxy-5beta-pregnane-11,20-dione",[M+H]+,9,0,0,0,0.5,M351T627: C05476,C05476,RC00154,C1y-C5x:*-*:C1x+C1y+O1a-C1x+C1y+O5x,Ms1
M146T538,146.059783935547,538.111,1260346.875,C06104,146.0579,C6H10O4,Adipate,[M]+,13,0,0,0,0.5,M130T275: C06102,C06102,RC00080,C4a-C6a:*-O6a:C1b+O4a-C1b+O6a,Ms1
M104T478,104.070487976074,477.728,321869.21875,C03284,103.0633,C4H9NO2,L-3-Aminoisobutanoate,[M+H]+,6,0,0,0,0.5,M102T5: C06002,C06002,RC00160,C1b-C4a:N1a+*-*+O4a:C1c-C1c,Ms1
M182T207,182.081008911133,207.303,16898940,C20807,181.0739,C9H11NO3,3-Hydroxy-L-phenylalanine,[M+H]+,4,0,0,0,0.5,M166T834: C00079,C00079,RC00490,C8x-C8y:*-O1a:C8x+C8x-C8x+C8x,Ms1
M130T1048,130.085983276367,1048,798416.0625,C05936,129.079,C6H11NO2,N4-Acetylaminobutanal,[M+H]+,6,0,0,0,0.5,M206T790: C01029,C01029,RC00225,C1b-C4a:N1b+*-*+O4a:C1b-C1b,Ms1
M313T13,313.234588623047,13.3791,213885.65625,C19618,312.2301,C18H32O4,"Octadec-9-ene-1,18-dioic-acid",[M+H]+,11,0,0,0,0.5,M297T876: C19617,C19617,RC00080,C4a-C6a:*-O6a:C1b+O4a-C1b+O6a,Ms1
M124T148,124.039070129395,147.724,747497,C07446,123.032,C6H5NO2,Isonicotinic acid,[M+H]+,6,0,0,0,0.5,M137T30: C07054,C07054,RC00162,C5a-C6a:N1b+*-*+O6a:C8y+O5a-C8y+O6a,Ms1
M118T75,118.086151123047,74.726,3761171.5,C15987,117.079,C5H11NO2,4-Methylaminobutyrate,[M+H]+,6,0,0,0.285714285714286,0.5,M104T478: C00334,C00334,RC00060,N1a-N1b:*-C1a:C1b-C1b,Ms1
M132T224,132.101608276367,224.309,6989635.5,C02486,131.0946,C6H13NO2,(3R)-beta-Leucine,[M+H]+,6,1,0.926507942599412,0.333333333333333,8.59312621059871E-14,M132T214: C00123,C00123,RC00449,C1b-C1c:*-N1a:C1c+C1c-C1b+C1c C1c-C1b:N1a-*:C1b+C6a-C1c+C6a N1a-N1a:C1c+*-*+C1c:*-*,Ms2
M102T321,102.033798217773,321.198,2191526.25,C00232,102.0317,C4H6O3,Succinate semialdehyde,[M]+,21,0,0,0,0.5,M118T439: C15987,C15987,RC00225,C1b-C4a:N1b+*-*+O4a:C1b-C1b,Ms1
M138T313,138.054580688477,312.736,1224328.875,C01004,137.0477,C7H7NO2,N-Methylnicotinate,[M+H]+,7,0,0,0,0.5,M124T164: C00253,C00253,RC00484,N5x-N5y:*-C1a:C8x+C8x-C8x+C8x,Ms1
M367T891,367.245391845703,890.991,253959.921875,C05475,348.2301,C21H32O4,"11beta,21-Dihydroxy-5beta-pregnane-3,20-dione",[M+H+H2O]+,8,0,0,0,0.5,M351T699: C05476,C05476,RC00144,C1y-C5x:*-*:C1x+C1x+O1a-C1x+C1x+O5x,Ms1
M132T586,132.101638793945,586.484,2132430.75,C21092,131.0946,C6H13NO2,D-allo-Isoleucine,[M+H]+,6,1,1,1,4.35207425653061E-14,M132T571: C00407,C00407,RC03345,C1c-C1c:*-*:C1c+C6a+N1a-C1c+C6a+N1a,Ms2
M104T909,104.070442199707,908.533,507085.4375,C01026,103.0633,C4H9NO2,"N,N-Dimethylglycine",[M+H]+,7,0,0,0,0.5,M118T155: C00719,C00719,RC00496,N1c-N1d:*-C1a:C1a+C1a+C1b-C1a+C1a+C1b,Ms1
M137T170,137.059432983398,170.041,129539.859375,C07189,136.0524,C8H8O2,2-Hydroxyacetophenone,[M+H]+,6,0.554394465144466,0.803804109007092,0.111111111111111,2.1271873151818E-13,M121T105: C07113,C07113,RC00157,C1a-C1b:*-O1a:C5a-C5a,Ms2
M192T472,192.122924804688,471.647,285545.875,C02710,173.1052,C8H15NO3,N-Acetyl-L-leucine,[M+H+H2O]+,3,0,0,0,0.5,M132T586: C00123,C00123,RC00064,N1a-N1b:*-C5a:C1c-C1c,Ms1
M102T400,102.033798217773,399.788,1968896.125,C00109,102.0317,C4H6O3,2-Oxobutanoate,[M]+,21,0,0,0,0.5,M104T582: C02356,C02356,RC00006,C1c-C5a:N1a+*-*+O5a:C1b+C6a-C1b+C6a,Ms1
M116T946,116.070259094238,946.35,1063904,C00763,115.0633,C5H9NO2,D-Proline,[M+H]+,7,1,1,1,4.61852778244065E-14,M116T486: C00148,C00148,RC00479,C1y-C1y:*-*:C1x+C6a+N1x-C1x+C6a+N1x,Ms2
M132T209,132.101699829102,208.524,6716778.5,C00123,131.0946,C6H13NO2,L-Leucine,[M+H]+,5,1,0.928075212329396,0.2,9.48130463029884E-14,M132T196: C02486,C02486,RC00449,C1b-C1c:*-N1a:C1c+C1c-C1b+C1c C1c-C1b:N1a-*:C1b+C6a-C1c+C6a N1a-N1a:C1c+*-*+C1c:*-*,Ms2
M105T845,105.042144775391,844.8,516621.0625,C00065,105.0426,C3H7NO3,L-Serine,[M]+,4,0.99995722656905,0.99995722656905,1,4.06341627012807E-14,M105T827: C00740,C00740,RC00302,C1c-C1c:*-*:C1b+C6a+N1a-C1b+C6a+N1a,Ms2
M132T193,132.101654052734,192.676,6335810.5,C06593,113.0841,C6H11NO,epsilon-Caprolactam,[M+H+H2O]+,6,1,1,1,4.41868763800812E-14,M132T508: C02378,C02378,RC00931,C5x-C6a:N1x+*-*+O6a:C1x+O5x-C1b+O6a N1x-N1a:C5x-*:C1x-C1b,Ms2
M137T741,137.059188842773,741.308,131118.671875,C07215,136.0524,C8H8O2,o-Toluate,[M+H]+,8,0.699892042668332,0.708590367408797,0.111111111111111,2.24487095579207E-13,M121T153: C07214,C07214,RC00075,C4a-C6a:*-O6a:C8y+O4a-C8y+O6a,Ms2
M313T824,313.235473632813,823.648,531220.625,C20186,312.2301,C18H32O4,"5S,8R-DiHODE",[M+H]+,8,0.998871358477913,0.992204195893328,0.6,6.72795152922845E-14,M313T807: C14831,C14831,RC02707,C1b-C1c:*-O1a:C1b+C1b-C1b+C1b O1a-O1a:O2a+*-*+C1c:*-* O2a-O1a:O1a-*:C1c-C1c,Ms2
M121T217,121.06462097168,217.012,1579130.5,C20782,120.0575,C8H8O,(S)-2-Phenyloxirane,[M+H]+,6,0.925309166192993,0.914163777577751,0.666666666666667,6.63913368725844E-14,M121T201: C00601,C00601,RC00758,C1b-C1y:*-O2x:C4a+C8y-C1x+C8y C4a-C1x:*-*:C1b+O4a-C1y+O2x O4a-O2x:*-C1y:C4a-C1x,Ms2
M195T533,195.064956665039,533.078,644340.4375,C01173,176.0473,C10H8O3,"1,3,8-Naphthalenertriol",[M+H+H2O]+,4,1,1,1,3.97459842815806E-14,M195T452: C00779,C00779,RC00803,C1x-C8x:*-*:C1y+C5x-C8x+C8y C1x-C8x:*-*:C1y+C8y-C8x+C8y C1y-C8x:O1a-*:C1x+C1x-C8x+C8x C5x-C8y:*-*:C1x+C8y+O5x-C8x+C8y+O1a,Ms2
M313T447,313.234619140625,447.444,291856.15625,C07354,312.2301,C18H32O4,"(7S,8S)-DiHODE",[M+H]+,11,0.875173886646993,0.911048637101438,0.428571428571429,1.13686837721616E-13,M313T431: C14831,C14831,RC01737,C1b-C1c:*-O1a:C1b+C1c-C1b+C1c O1a-O1a:O2a+*-*+C1c:*-* O2a-O1a:O1a-*:C1c-C1c,Ms2
